-- psql --host 'localhost' --username 'weizheng' -d 'm8chat_stage' -f conf/generate_test_data.sql

-- social for bcowan (-33.863445, 151.281547)
insert into social.m8_users (email, username, first_name, password, gender, prefer_gender, description, pictures, authorized_at, access_token, position, interests) values ('mwebb0@addtoany.com', 'bcowan1', 'Michelle', '7c222fb2927d828af22f592134e8932480637c0d', 'Female', 'Both', 'Ut at dolor quis odio consequat varius. Integer ac leo. Pellentesque ultrices mattis odio.', '{"","","","","",""}', current_timestamp, 'c8bba251-3054-4a47-a326-bd7a20041946', 'SRID=4326;POINT(151.28957 -33.871468)', '{"meeting new people", "automotive", "health"}');
insert into social.m8_users (email, username, first_name, password, gender, prefer_gender, description, pictures, authorized_at, access_token, position, interests) values ('kjohnston1@hhs.gov', 'bcowan2', 'Kimberly', '7c222fb2927d828af22f592134e8932480637c0d', 'Female', 'Male', 'Curabitur convallis. Duis consequat dui nec nisi volutpat eleifend. Donec ut dolor. Morbi vel lectus in quam fringilla rhoncus. Mauris enim leo, rhoncus sed, vestibulum sit amet, cursus id, turpis. Integer aliquet, massa id lobortis convallis, tortor risus dapibus augue, vel accumsan tellus nisi eu orci. Mauris lacinia sapien quis libero. Nullam sit amet turpis elementum ligula vehicula consequat.', '{"","","","","",""}', current_timestamp, '5bd9081a-7ea8-4c35-b39d-d2afd04892f3', 'SRID=4326;POINT(151.288824999999999999 -33.870722999999999999)', '{"meeting new people", "automotive", "health"}');
insert into social.m8_users (email, username, first_name, password, gender, prefer_gender, description, pictures, authorized_at, access_token, position, interests) values ('tgray2@stumbleupon.com', 'bcowan3', 'Terry', '7c222fb2927d828af22f592134e8932480637c0d', 'Male', 'Female', 'Pellentesque viverra pede ac diam. Cras pellentesque volutpat dui. Maecenas tristique, est et tempus semper, est quam pharetra magna, ac consequat metus sapien ut nunc. Vestibulum ante ipsum primis in faucibus orci luctus et ultrices posuere cubilia Curae; Mauris viverra diam vitae quam. Suspendisse potenti.', '{"","","","","",""}', current_timestamp, '25ed935c-1870-4f79-a447-a0ae1aa2802d', 'SRID=4326;POINT(151.28479 -33.866688)', '{"meeting new people", "automotive", "health"}');
insert into social.m8_users (email, username, first_name, password, gender, prefer_gender, description, pictures, authorized_at, access_token, position, interests) values ('gcampbell3@wix.com', 'bcowan4', 'Gary', '7c222fb2927d828af22f592134e8932480637c0d', 'Male', 'Both', 'Cum sociis natoque penatibus et magnis dis parturient montes, nascetur ridiculus mus.', '{"","","","","",""}', current_timestamp, '39e28ae0-aafc-4916-ab18-55ea2827075b', 'SRID=4326;POINT(151.290036999999999999 -33.871934999999999999)', '{"meeting new people", "automotive", "health"}');
insert into social.m8_users (email, username, first_name, password, gender, prefer_gender, description, pictures, authorized_at, access_token, position, interests) values ('iclark4@npr.org', 'bcowan5', 'Irene', '7c222fb2927d828af22f592134e8932480637c0d', 'Female', 'Male', 'Donec odio justo, sollicitudin ut, suscipit a, feugiat et, eros. Vestibulum ac est lacinia nisi venenatis tristique.', '{"","","","","",""}', current_timestamp, '4b966659-8ffd-415e-83fd-517fbe505fc8', 'SRID=4326;POINT(151.281889 -33.863787)', '{"meeting new people", "automotive", "health"}');
insert into social.m8_users (email, username, first_name, password, gender, prefer_gender, description, pictures, authorized_at, access_token, position, interests) values ('jnguyen5@baidu.com', 'bcowan6', 'Joe', '7c222fb2927d828af22f592134e8932480637c0d', 'Male', 'Both', 'Nulla justo. Aliquam quis turpis eget elit sodales scelerisque. Mauris sit amet eros. Suspendisse accumsan tortor quis turpis. Sed ante. Vivamus tortor. Duis mattis egestas metus. Aenean fermentum. Donec ut mauris eget massa tempor convallis.', '{"","","","","",""}', current_timestamp, '0cd083b5-9c66-42b1-b5c9-9a7f5fc88c38', 'SRID=4326;POINT(151.285424 -33.867322)', '{"meeting new people", "automotive", "health"}');
insert into social.m8_users (email, username, first_name, password, gender, prefer_gender, description, pictures, authorized_at, access_token, position, interests) values ('bhayes6@hud.gov', 'bcowan7', 'Bobby', '7c222fb2927d828af22f592134e8932480637c0d', 'Male', 'Male', 'Duis consequat dui nec nisi volutpat eleifend. Donec ut dolor. Morbi vel lectus in quam fringilla rhoncus. Mauris enim leo, rhoncus sed, vestibulum sit amet, cursus id, turpis. Integer aliquet, massa id lobortis convallis, tortor risus dapibus augue, vel accumsan tellus nisi eu orci. Mauris lacinia sapien quis libero. Nullam sit amet turpis elementum ligula vehicula consequat. Morbi a ipsum.', '{"","","","","",""}', current_timestamp, '397ebf09-e3f9-4aba-85dd-3d2cb67dbc0f', 'SRID=4326;POINT(151.287272 -33.86917)', '{"meeting new people", "automotive", "health"}');
insert into social.m8_users (email, username, first_name, password, gender, prefer_gender, description, pictures, authorized_at, access_token, position, interests) values ('hstone7@a8.net', 'bcowan8', 'Heather', '7c222fb2927d828af22f592134e8932480637c0d', 'Female', 'Female', 'Duis mattis egestas metus. Aenean fermentum. Donec ut mauris eget massa tempor convallis. Nulla neque libero, convallis eget, eleifend luctus, ultricies eu, nibh. Quisque id justo sit amet sapien dignissim vestibulum. Vestibulum ante ipsum primis in faucibus orci luctus et ultrices posuere cubilia Curae; Nulla dapibus dolor vel est. Donec odio justo, sollicitudin ut, suscipit a, feugiat et, eros. Vestibulum ac est lacinia nisi venenatis tristique. Fusce congue, diam id ornare imperdiet, sapien urna pretium nisl, ut volutpat sapien arcu sed augue.', '{"","","","","",""}', current_timestamp, '1aa4108c-dae4-4036-b0f6-ad0cf1a55d1d', 'SRID=4326;POINT(151.288585 -33.870483)', '{"meeting new people", "automotive", "health"}');
insert into social.m8_users (email, username, first_name, password, gender, prefer_gender, description, pictures, authorized_at, access_token, position, interests) values ('fgraham8@flickr.com', 'bcowan9', 'Frances', '7c222fb2927d828af22f592134e8932480637c0d', 'Female', 'Both', 'Integer a nibh. In quis justo. Maecenas rhoncus aliquam lacus. Morbi quis tortor id nulla ultrices aliquet. Maecenas leo odio, condimentum id, luctus nec, molestie sed, justo.', '{"","","","","",""}', current_timestamp, '9cc42a51-03d3-4152-83e2-752933b591b2', 'SRID=4326;POINT(151.289559999999999999 -33.871457999999999999)', '{"meeting new people", "automotive", "health"}');
insert into social.m8_users (email, username, first_name, password, gender, prefer_gender, description, pictures, authorized_at, access_token, position, interests) values ('celliott9@princeton.edu', 'bcowan10', 'Clarence', '7c222fb2927d828af22f592134e8932480637c0d', 'Male', 'Both', 'Pellentesque eget nunc. Donec quis orci eget orci vehicula condimentum. Curabitur in libero ut massa volutpat convallis. Morbi odio odio, elementum eu, interdum eu, tincidunt in, leo. Maecenas pulvinar lobortis est. Phasellus sit amet erat. Nulla tempus. Vivamus in felis eu sapien cursus vestibulum. Proin eu mi. Nulla ac enim.', '{"","","","","",""}', current_timestamp, '7864bbde-e882-4c17-a564-c6fce7b70945', 'SRID=4326;POINT(151.291329 -33.873227)', '{"meeting new people", "automotive", "health"}');
insert into social.m8_users (email, username, first_name, password, gender, prefer_gender, description, pictures, authorized_at, access_token, position, interests) values ('dallena@so-net.ne.jp', 'bcowan11', 'Doris', '7c222fb2927d828af22f592134e8932480637c0d', 'Female', 'Male', 'Donec ut dolor. Morbi vel lectus in quam fringilla rhoncus. Mauris enim leo, rhoncus sed, vestibulum sit amet, cursus id, turpis. Integer aliquet, massa id lobortis convallis, tortor risus dapibus augue, vel accumsan tellus nisi eu orci. Mauris lacinia sapien quis libero. Nullam sit amet turpis elementum ligula vehicula consequat. Morbi a ipsum. Integer a nibh. In quis justo.', '{"","","","","",""}', current_timestamp, '2acce0aa-29f0-44e8-88f4-a7ea5524416f', 'SRID=4326;POINT(151.286753999999999999 -33.868651999999999999)', '{"meeting new people", "automotive", "health"}');
insert into social.m8_users (email, username, first_name, password, gender, prefer_gender, description, pictures, authorized_at, access_token, position, interests) values ('cfosterb@google.de', 'bcowan12', 'Christopher', '7c222fb2927d828af22f592134e8932480637c0d', 'Male', 'Both', 'Aliquam augue quam, sollicitudin vitae, consectetuer eget, rutrum at, lorem. Integer tincidunt ante vel ipsum. Praesent blandit lacinia erat. Vestibulum sed magna at nunc commodo placerat.', '{"","","","","",""}', current_timestamp, '612fe2f2-f33b-4537-82d6-be68ac1ea3e6', 'SRID=4326;POINT(151.287103 -33.869001)', '{"meeting new people", "automotive", "health"}');
insert into social.m8_users (email, username, first_name, password, gender, prefer_gender, description, pictures, authorized_at, access_token, position, interests) values ('pbishopc@ftc.gov', 'bcowan13', 'Philip', '7c222fb2927d828af22f592134e8932480637c0d', 'Male', 'Female', 'Donec posuere metus vitae ipsum. Aliquam non mauris. Morbi non lectus. Aliquam sit amet diam in magna bibendum imperdiet. Nullam orci pede, venenatis non, sodales sed, tincidunt eu, felis. Fusce posuere felis sed lacus. Morbi sem mauris, laoreet ut, rhoncus aliquet, pulvinar sed, nisl. Nunc rhoncus dui vel sem. Sed sagittis.', '{"","","","","",""}', current_timestamp, '7feb640e-5832-44a4-b2a9-021906def810', 'SRID=4326;POINT(151.288977 -33.870875)', '{"meeting new people", "automotive", "health"}');
insert into social.m8_users (email, username, first_name, password, gender, prefer_gender, description, pictures, authorized_at, access_token, position, interests) values ('spattersond@samsung.com', 'bcowan14', 'Shirley', '7c222fb2927d828af22f592134e8932480637c0d', 'Female', 'Female', 'Morbi vel lectus in quam fringilla rhoncus. Mauris enim leo, rhoncus sed, vestibulum sit amet, cursus id, turpis. Integer aliquet, massa id lobortis convallis, tortor risus dapibus augue, vel accumsan tellus nisi eu orci. Mauris lacinia sapien quis libero. Nullam sit amet turpis elementum ligula vehicula consequat.', '{"","","","","",""}', current_timestamp, '15cdebb5-3801-4316-a752-2cd891416473', 'SRID=4326;POINT(151.284275 -33.866173)', '{"meeting new people", "automotive", "health"}');
insert into social.m8_users (email, username, first_name, password, gender, prefer_gender, description, pictures, authorized_at, access_token, position, interests) values ('afrankline@amazon.de', 'bcowan15', 'Aaron', '7c222fb2927d828af22f592134e8932480637c0d', 'Male', 'Both', 'Aenean sit amet justo.', '{"","","","","",""}', current_timestamp, '10a1af4f-508d-4b5e-a965-c65c0f3802e4', 'SRID=4326;POINT(151.28387 -33.865768)', '{"meeting new people", "automotive", "health"}');
insert into social.m8_users (email, username, first_name, password, gender, prefer_gender, description, pictures, authorized_at, access_token, position, interests) values ('iturnerf@businesswire.com', 'bcowan16', 'Irene', '7c222fb2927d828af22f592134e8932480637c0d', 'Female', 'Male', 'In congue. Etiam justo. Etiam pretium iaculis justo. In hac habitasse platea dictumst. Etiam faucibus cursus urna. Ut tellus. Nulla ut erat id mauris vulputate elementum. Nullam varius. Nulla facilisi. Cras non velit nec nisi vulputate nonummy.', '{"","","","","",""}', current_timestamp, 'e6ae057e-0144-4d3b-a9a2-7c89236bc54e', 'SRID=4326;POINT(151.283511 -33.865409)', '{"meeting new people", "automotive", "health"}');
insert into social.m8_users (email, username, first_name, password, gender, prefer_gender, description, pictures, authorized_at, access_token, position, interests) values ('abakerg@mayoclinic.com', 'bcowan17', 'Antonio', '7c222fb2927d828af22f592134e8932480637c0d', 'Male', 'Female', 'Aenean fermentum. Donec ut mauris eget massa tempor convallis. Nulla neque libero, convallis eget, eleifend luctus, ultricies eu, nibh. Quisque id justo sit amet sapien dignissim vestibulum. Vestibulum ante ipsum primis in faucibus orci luctus et ultrices posuere cubilia Curae; Nulla dapibus dolor vel est. Donec odio justo, sollicitudin ut, suscipit a, feugiat et, eros.', '{"","","","","",""}', current_timestamp, 'ac07afe2-f185-4346-bf1d-5da6b0bf198c', 'SRID=4326;POINT(151.286386 -33.868284)', '{"meeting new people", "automotive", "health"}');
insert into social.m8_users (email, username, first_name, password, gender, prefer_gender, description, pictures, authorized_at, access_token, position, interests) values ('mreyesh@cisco.com', 'bcowan18', 'Michael', '7c222fb2927d828af22f592134e8932480637c0d', 'Male', 'Female', 'Nunc purus. Phasellus in felis. Donec semper sapien a libero.', '{"","","","","",""}', current_timestamp, 'a2c642a9-4f3b-4abb-836f-dbc95ad37824', 'SRID=4326;POINT(151.285025 -33.866923)', '{"meeting new people", "automotive", "health"}');
insert into social.m8_users (email, username, first_name, password, gender, prefer_gender, description, pictures, authorized_at, access_token, position, interests) values ('jkingi@gmpg.org', 'bcowan19', 'Jane', '7c222fb2927d828af22f592134e8932480637c0d', 'Female', 'Female', 'Donec diam neque, vestibulum eget, vulputate ut, ultrices vel, augue. Vestibulum ante ipsum primis in faucibus orci luctus et ultrices posuere cubilia Curae; Donec pharetra, magna vestibulum aliquet ultrices, erat tortor sollicitudin mi, sit amet lobortis sapien sapien non mi. Integer ac neque. Duis bibendum. Morbi non quam nec dui luctus rutrum.', '{"","","","","",""}', current_timestamp, '383965af-587b-4885-a7bb-9fb2c05bc0e3', 'SRID=4326;POINT(151.285662999999999999 -33.867560999999999999)', '{"meeting new people", "automotive", "health"}');
insert into social.m8_users (email, username, first_name, password, gender, prefer_gender, description, pictures, authorized_at, access_token, position, interests) values ('ksmithj@flavors.me', 'bcowan20', 'Karen', '7c222fb2927d828af22f592134e8932480637c0d', 'Female', 'Male', 'Nulla ac enim. In tempor, turpis nec euismod scelerisque, quam turpis adipiscing lorem, vitae mattis nibh ligula nec sem. Duis aliquam convallis nunc. Proin at turpis a pede posuere nonummy. Integer non velit. Donec diam neque, vestibulum eget, vulputate ut, ultrices vel, augue.', '{"","","","","",""}', current_timestamp, 'a39232b7-02a9-4bf0-b4f1-65e839e9e3c1', 'SRID=4326;POINT(151.288309 -33.870207)', '{"meeting new people", "automotive", "health"}');
insert into social.m8_users (email, username, first_name, password, gender, prefer_gender, description, pictures, authorized_at, access_token, position, interests) values ('jpetersk@mapy.cz', 'bcowan21', 'Judy', '7c222fb2927d828af22f592134e8932480637c0d', 'Female', 'Female', 'Donec diam neque, vestibulum eget, vulputate ut, ultrices vel, augue. Vestibulum ante ipsum primis in faucibus orci luctus et ultrices posuere cubilia Curae; Donec pharetra, magna vestibulum aliquet ultrices, erat tortor sollicitudin mi, sit amet lobortis sapien sapien non mi. Integer ac neque. Duis bibendum. Morbi non quam nec dui luctus rutrum. Nulla tellus. In sagittis dui vel nisl. Duis ac nibh.', '{"","","","","",""}', current_timestamp, '92edbcd7-effd-45b8-b85d-41806ebf61c1', 'SRID=4326;POINT(151.286149 -33.868047)', '{"meeting new people", "automotive", "health"}');
insert into social.m8_users (email, username, first_name, password, gender, prefer_gender, description, pictures, authorized_at, access_token, position, interests) values ('twalkerl@digg.com', 'bcowan22', 'Timothy', '7c222fb2927d828af22f592134e8932480637c0d', 'Male', 'Female', 'Nulla ac enim. In tempor, turpis nec euismod scelerisque, quam turpis adipiscing lorem, vitae mattis nibh ligula nec sem. Duis aliquam convallis nunc. Proin at turpis a pede posuere nonummy. Integer non velit. Donec diam neque, vestibulum eget, vulputate ut, ultrices vel, augue. Vestibulum ante ipsum primis in faucibus orci luctus et ultrices posuere cubilia Curae; Donec pharetra, magna vestibulum aliquet ultrices, erat tortor sollicitudin mi, sit amet lobortis sapien sapien non mi. Integer ac neque. Duis bibendum. Morbi non quam nec dui luctus rutrum.', '{"","","","","",""}', current_timestamp, 'b91307a7-d43a-44fa-947f-8f1eafdb7ca4', 'SRID=4326;POINT(151.283256 -33.865154)', '{"meeting new people", "automotive", "health"}');
insert into social.m8_users (email, username, first_name, password, gender, prefer_gender, description, pictures, authorized_at, access_token, position, interests) values ('creynoldsm@ovh.net', 'bcowan23', 'Cheryl', '7c222fb2927d828af22f592134e8932480637c0d', 'Female', 'Male', 'Aenean sit amet justo. Morbi ut odio. Cras mi pede, malesuada in, imperdiet et, commodo vulputate, justo. In blandit ultrices enim. Lorem ipsum dolor sit amet, consectetuer adipiscing elit. Proin interdum mauris non ligula pellentesque ultrices.', '{"","","","","",""}', current_timestamp, 'f9f57e74-ca67-4558-9d7c-ee0af18eaa8a', 'SRID=4326;POINT(151.289183 -33.871081)', '{"meeting new people", "automotive", "health"}');
insert into social.m8_users (email, username, first_name, password, gender, prefer_gender, description, pictures, authorized_at, access_token, position, interests) values ('ljacksonn@sphinn.com', 'bcowan24', 'Lori', '7c222fb2927d828af22f592134e8932480637c0d', 'Female', 'Male', 'Suspendisse potenti. Nullam porttitor lacus at turpis. Donec posuere metus vitae ipsum. Aliquam non mauris. Morbi non lectus.', '{"","","","","",""}', current_timestamp, '4a9d3f5f-b239-40a6-b61a-ebc8dd4eaca7', 'SRID=4326;POINT(151.290725 -33.872623)', '{"meeting new people", "automotive", "health"}');
insert into social.m8_users (email, username, first_name, password, gender, prefer_gender, description, pictures, authorized_at, access_token, position, interests) values ('kbradleyo@mail.ru', 'bcowan25', 'Kenneth', '7c222fb2927d828af22f592134e8932480637c0d', 'Male', 'Male', 'In eleifend quam a odio. In hac habitasse platea dictumst. Maecenas ut massa quis augue luctus tincidunt. Nulla mollis molestie lorem. Quisque ut erat. Curabitur gravida nisi at nibh. In hac habitasse platea dictumst. Aliquam augue quam, sollicitudin vitae, consectetuer eget, rutrum at, lorem. Integer tincidunt ante vel ipsum.', '{"","","","","",""}', current_timestamp, '6aaaea29-4aa3-4ffc-bc0f-641c9699ac26', 'SRID=4326;POINT(151.286986 -33.868884)', '{"meeting new people", "automotive", "health"}');
insert into social.m8_users (email, username, first_name, password, gender, prefer_gender, description, pictures, authorized_at, access_token, position, interests) values ('kfowlerp@is.gd', 'bcowan26', 'Kenneth', '7c222fb2927d828af22f592134e8932480637c0d', 'Male', 'Male', 'Ut tellus. Nulla ut erat id mauris vulputate elementum. Nullam varius. Nulla facilisi. Cras non velit nec nisi vulputate nonummy. Maecenas tincidunt lacus at velit. Vivamus vel nulla eget eros elementum pellentesque.', '{"","","","","",""}', current_timestamp, '37f6dc7d-121a-4723-86a0-c95c54a4f922', 'SRID=4326;POINT(151.282087 -33.863985)', '{"meeting new people", "automotive", "health"}');
insert into social.m8_users (email, username, first_name, password, gender, prefer_gender, description, pictures, authorized_at, access_token, position, interests) values ('jcollinsq@constantcontact.com', 'bcowan27', 'Johnny', '7c222fb2927d828af22f592134e8932480637c0d', 'Male', 'Male', 'Duis bibendum, felis sed interdum venenatis, turpis enim blandit mi, in porttitor pede justo eu massa. Donec dapibus. Duis at velit eu est congue elementum. In hac habitasse platea dictumst. Morbi vestibulum, velit id pretium iaculis, diam erat fermentum justo, nec condimentum neque sapien placerat ante. Nulla justo. Aliquam quis turpis eget elit sodales scelerisque. Mauris sit amet eros.', '{"","","","","",""}', current_timestamp, '253ad596-0822-4a6f-90f2-d8d637dbdc86', 'SRID=4326;POINT(151.286946 -33.868844)', '{"meeting new people", "automotive", "health"}');
insert into social.m8_users (email, username, first_name, password, gender, prefer_gender, description, pictures, authorized_at, access_token, position, interests) values ('amorrisonr@ebay.com', 'bcowan28', 'Amy', '7c222fb2927d828af22f592134e8932480637c0d', 'Female', 'Female', 'Donec ut dolor. Morbi vel lectus in quam fringilla rhoncus. Mauris enim leo, rhoncus sed, vestibulum sit amet, cursus id, turpis. Integer aliquet, massa id lobortis convallis, tortor risus dapibus augue, vel accumsan tellus nisi eu orci.', '{"","","","","",""}', current_timestamp, '1ab2ec30-352c-4f30-bc61-0f6b75887494', 'SRID=4326;POINT(151.282618 -33.864516)', '{"meeting new people", "automotive", "health"}');
insert into social.m8_users (email, username, first_name, password, gender, prefer_gender, description, pictures, authorized_at, access_token, position, interests) values ('areids@4shared.com', 'bcowan29', 'Aaron', '7c222fb2927d828af22f592134e8932480637c0d', 'Male', 'Female', 'Cras mi pede, malesuada in, imperdiet et, commodo vulputate, justo. In blandit ultrices enim. Lorem ipsum dolor sit amet, consectetuer adipiscing elit. Proin interdum mauris non ligula pellentesque ultrices. Phasellus id sapien in sapien iaculis congue. Vivamus metus arcu, adipiscing molestie, hendrerit at, vulputate vitae, nisl. Aenean lectus. Pellentesque eget nunc. Donec quis orci eget orci vehicula condimentum.', '{"","","","","",""}', current_timestamp, 'f6e4c3ae-72b0-4d82-935c-ac6091ebd88c', 'SRID=4326;POINT(151.28509 -33.866988)', '{"meeting new people", "automotive", "health"}');
insert into social.m8_users (email, username, first_name, password, gender, prefer_gender, description, pictures, authorized_at, access_token, position, interests) values ('wroset@squidoo.com', 'bcowan30', 'Willie', '7c222fb2927d828af22f592134e8932480637c0d', 'Male', 'Female', 'Nulla justo. Aliquam quis turpis eget elit sodales scelerisque.', '{"","","","","",""}', current_timestamp, 'e6b7d15e-47ee-481f-b8d6-949e329a3705', 'SRID=4326;POINT(151.287825 -33.869723)', '{"meeting new people", "automotive", "health"}');
insert into social.m8_users (email, username, first_name, password, gender, prefer_gender, description, pictures, authorized_at, access_token, position, interests) values ('rmitchellu@ovh.net', 'bcowan31', 'Ruth', '7c222fb2927d828af22f592134e8932480637c0d', 'Female', 'Both', 'Cras mi pede, malesuada in, imperdiet et, commodo vulputate, justo.', '{"","","","","",""}', current_timestamp, 'd05e46f0-1992-45b1-ae46-3cf99957e5b2', 'SRID=4326;POINT(151.283304 -33.865202)', '{"meeting new people", "automotive", "health"}');
insert into social.m8_users (email, username, first_name, password, gender, prefer_gender, description, pictures, authorized_at, access_token, position, interests) values ('jmoorev@who.int', 'bcowan32', 'Jesse', '7c222fb2927d828af22f592134e8932480637c0d', 'Male', 'Female', 'Vestibulum rutrum rutrum neque. Aenean auctor gravida sem.', '{"","","","","",""}', current_timestamp, '4aa919ba-5a99-43f2-91a1-d36de9528a4b', 'SRID=4326;POINT(151.289740999999999999 -33.871638999999999999)', '{"meeting new people", "automotive", "health"}');
insert into social.m8_users (email, username, first_name, password, gender, prefer_gender, description, pictures, authorized_at, access_token, position, interests) values ('dhicksw@tiny.cc', 'bcowan33', 'Doris', '7c222fb2927d828af22f592134e8932480637c0d', 'Female', 'Female', 'Donec ut dolor. Morbi vel lectus in quam fringilla rhoncus. Mauris enim leo, rhoncus sed, vestibulum sit amet, cursus id, turpis. Integer aliquet, massa id lobortis convallis, tortor risus dapibus augue, vel accumsan tellus nisi eu orci. Mauris lacinia sapien quis libero. Nullam sit amet turpis elementum ligula vehicula consequat. Morbi a ipsum. Integer a nibh. In quis justo.', '{"","","","","",""}', current_timestamp, '46040578-7234-4929-bf4c-d3ab5a3aaf7f', 'SRID=4326;POINT(151.288484 -33.870382)', '{"meeting new people", "automotive", "health"}');
insert into social.m8_users (email, username, first_name, password, gender, prefer_gender, description, pictures, authorized_at, access_token, position, interests) values ('lbradleyx@foxnews.com', 'bcowan34', 'Louise', '7c222fb2927d828af22f592134e8932480637c0d', 'Female', 'Female', 'Donec dapibus. Duis at velit eu est congue elementum. In hac habitasse platea dictumst. Morbi vestibulum, velit id pretium iaculis, diam erat fermentum justo, nec condimentum neque sapien placerat ante. Nulla justo. Aliquam quis turpis eget elit sodales scelerisque. Mauris sit amet eros.', '{"","","","","",""}', current_timestamp, '1a95f71d-c3a5-47f3-84c5-554fad1708b4', 'SRID=4326;POINT(151.285058 -33.866956)', '{"meeting new people", "automotive", "health"}');
insert into social.m8_users (email, username, first_name, password, gender, prefer_gender, description, pictures, authorized_at, access_token, position, interests) values ('tgordony@vinaora.com', 'bcowan35', 'Teresa', '7c222fb2927d828af22f592134e8932480637c0d', 'Female', 'Male', 'Nulla tellus. In sagittis dui vel nisl. Duis ac nibh.', '{"","","","","",""}', current_timestamp, 'dd0ac57a-5a0b-49a2-ba42-54e63d9db6e6', 'SRID=4326;POINT(151.290003999999999999 -33.871901999999999999)', '{"meeting new people", "automotive", "health"}');
insert into social.m8_users (email, username, first_name, password, gender, prefer_gender, description, pictures, authorized_at, access_token, position, interests) values ('btaylorz@desdev.cn', 'bcowan36', 'Brian', '7c222fb2927d828af22f592134e8932480637c0d', 'Male', 'Female', 'Duis ac nibh. Fusce lacus purus, aliquet at, feugiat non, pretium quis, lectus. Suspendisse potenti. In eleifend quam a odio. In hac habitasse platea dictumst. Maecenas ut massa quis augue luctus tincidunt. Nulla mollis molestie lorem.', '{"","","","","",""}', current_timestamp, '7d6c5a3c-b7b0-477c-8100-1f452ffd40e1', 'SRID=4326;POINT(151.284512999999999999 -33.866410999999999999)', '{"meeting new people", "automotive", "health"}');

-- social for verngt (44.82249, 20.22194)
insert into social.m8_users (email, username, first_name, password, gender, prefer_gender, description, pictures, authorized_at, access_token, position, interests) values ('wwatson0@tinyurl.com', 'verngt1', 'William', '7c222fb2927d828af22f592134e8932480637c0d', 'Male', 'Female', 'Vestibulum ante ipsum primis in faucibus orci luctus et ultrices posuere cubilia Curae; Duis faucibus accumsan odio.', '{"","","","","",""}', current_timestamp, 'b6381122-533a-4fcc-b0ca-d4e8461e3e0c', 'SRID=4326;POINT(20.224716 44.825266)', '{"meeting new people", "automotive", "health"}');
insert into social.m8_users (email, username, first_name, password, gender, prefer_gender, description, pictures, authorized_at, access_token, position, interests) values ('redwards1@photobucket.com', 'verngt2', 'Rachel', '7c222fb2927d828af22f592134e8932480637c0d', 'Female', 'Male', 'Nulla mollis molestie lorem.', '{"","","","","",""}', current_timestamp, '56ad9e3e-dea0-48ce-bb84-3f23cdc0ac42', 'SRID=4326;POINT(20.228269 44.828819)', '{"meeting new people", "automotive", "health"}');
insert into social.m8_users (email, username, first_name, password, gender, prefer_gender, description, pictures, authorized_at, access_token, position, interests) values ('efisher2@myspace.com', 'verngt3', 'Elizabeth', '7c222fb2927d828af22f592134e8932480637c0d', 'Female', 'Male', 'Praesent lectus.', '{"","","","","",""}', current_timestamp, 'b663a23b-dff4-45ae-a013-9ef3152fad9f', 'SRID=4326;POINT(20.23185 44.8324)', '{"meeting new people", "automotive", "health"}');
insert into social.m8_users (email, username, first_name, password, gender, prefer_gender, description, pictures, authorized_at, access_token, position, interests) values ('ddunn3@ox.ac.uk', 'verngt4', 'Deborah', '7c222fb2927d828af22f592134e8932480637c0d', 'Female', 'Male', 'Morbi ut odio.', '{"","","","","",""}', current_timestamp, '1fe26010-8582-44f6-8a60-e67b67dcb1e0', 'SRID=4326;POINT(20.224621 44.825171)', '{"meeting new people", "automotive", "health"}');
insert into social.m8_users (email, username, first_name, password, gender, prefer_gender, description, pictures, authorized_at, access_token, position, interests) values ('msims4@is.gd', 'verngt5', 'Martha', '7c222fb2927d828af22f592134e8932480637c0d', 'Female', 'Male', 'Integer tincidunt ante vel ipsum. Praesent blandit lacinia erat. Vestibulum sed magna at nunc commodo placerat. Praesent blandit. Nam nulla. Integer pede justo, lacinia eget, tincidunt eget, tempus vel, pede. Morbi porttitor lorem id ligula. Suspendisse ornare consequat lectus. In est risus, auctor sed, tristique in, tempus sit amet, sem.', '{"","","","","",""}', current_timestamp, '57d09f5b-2b3a-4ad3-827e-bde458c61ed6', 'SRID=4326;POINT(20.230556 44.831106)', '{"meeting new people", "automotive", "health"}');
insert into social.m8_users (email, username, first_name, password, gender, prefer_gender, description, pictures, authorized_at, access_token, position, interests) values ('kjacobs5@over-blog.com', 'verngt6', 'Kathryn', '7c222fb2927d828af22f592134e8932480637c0d', 'Female', 'Female', 'In quis justo. Maecenas rhoncus aliquam lacus. Morbi quis tortor id nulla ultrices aliquet. Maecenas leo odio, condimentum id, luctus nec, molestie sed, justo. Pellentesque viverra pede ac diam. Cras pellentesque volutpat dui. Maecenas tristique, est et tempus semper, est quam pharetra magna, ac consequat metus sapien ut nunc. Vestibulum ante ipsum primis in faucibus orci luctus et ultrices posuere cubilia Curae; Mauris viverra diam vitae quam. Suspendisse potenti. Nullam porttitor lacus at turpis.', '{"","","","","",""}', current_timestamp, '2ec1ff34-8e44-40c0-a330-72661e100e51', 'SRID=4326;POINT(20.226863 44.827413)', '{"meeting new people", "automotive", "health"}');
insert into social.m8_users (email, username, first_name, password, gender, prefer_gender, description, pictures, authorized_at, access_token, position, interests) values ('dhoward6@deliciousdays.com', 'verngt7', 'Dennis', '7c222fb2927d828af22f592134e8932480637c0d', 'Male', 'Male', 'Nam congue, risus semper porta volutpat, quam pede lobortis ligula, sit amet eleifend pede libero quis orci. Nullam molestie nibh in lectus. Pellentesque at nulla. Suspendisse potenti. Cras in purus eu magna vulputate luctus. Cum sociis natoque penatibus et magnis dis parturient montes, nascetur ridiculus mus. Vivamus vestibulum sagittis sapien. Cum sociis natoque penatibus et magnis dis parturient montes, nascetur ridiculus mus.', '{"","","","","",""}', current_timestamp, '9769f488-2b64-4d47-b38e-66f149efae3a', 'SRID=4326;POINT(20.225079 44.825629)', '{"meeting new people", "automotive", "health"}');
insert into social.m8_users (email, username, first_name, password, gender, prefer_gender, description, pictures, authorized_at, access_token, position, interests) values ('lstewart7@fotki.com', 'verngt8', 'Linda', '7c222fb2927d828af22f592134e8932480637c0d', 'Female', 'Male', 'Praesent blandit.', '{"","","","","",""}', current_timestamp, '39b3d4c8-dc4a-432d-95c6-50ae4639e33e', 'SRID=4326;POINT(20.222016 44.822566)', '{"meeting new people", "automotive", "health"}');
insert into social.m8_users (email, username, first_name, password, gender, prefer_gender, description, pictures, authorized_at, access_token, position, interests) values ('kfisher8@baidu.com', 'verngt9', 'Kathryn', '7c222fb2927d828af22f592134e8932480637c0d', 'Female', 'Both', 'Proin at turpis a pede posuere nonummy. Integer non velit. Donec diam neque, vestibulum eget, vulputate ut, ultrices vel, augue.', '{"","","","","",""}', current_timestamp, '0f08dcac-5941-4b3a-a163-ee0bab8e8cbb', 'SRID=4326;POINT(20.227101999999999999 44.827651999999999999)', '{"meeting new people", "automotive", "health"}');
insert into social.m8_users (email, username, first_name, password, gender, prefer_gender, description, pictures, authorized_at, access_token, position, interests) values ('jmoore9@google.ca', 'verngt10', 'Johnny', '7c222fb2927d828af22f592134e8932480637c0d', 'Male', 'Both', 'Sed vel enim sit amet nunc viverra dapibus. Nulla suscipit ligula in lacus.', '{"","","","","",""}', current_timestamp, '31715330-e27b-4317-a92b-c28a2fd4c87c', 'SRID=4326;POINT(20.224282 44.824832)', '{"meeting new people", "automotive", "health"}');
insert into social.m8_users (email, username, first_name, password, gender, prefer_gender, description, pictures, authorized_at, access_token, position, interests) values ('tcrawforda@gizmodo.com', 'verngt11', 'Terry', '7c222fb2927d828af22f592134e8932480637c0d', 'Male', 'Male', 'Donec posuere metus vitae ipsum. Aliquam non mauris. Morbi non lectus. Aliquam sit amet diam in magna bibendum imperdiet. Nullam orci pede, venenatis non, sodales sed, tincidunt eu, felis. Fusce posuere felis sed lacus. Morbi sem mauris, laoreet ut, rhoncus aliquet, pulvinar sed, nisl. Nunc rhoncus dui vel sem. Sed sagittis. Nam congue, risus semper porta volutpat, quam pede lobortis ligula, sit amet eleifend pede libero quis orci.', '{"","","","","",""}', current_timestamp, '10c40522-0803-4fd3-a4f8-aeb15734d6a6', 'SRID=4326;POINT(20.231808999999999999 44.832358999999999999)', '{"meeting new people", "automotive", "health"}');
insert into social.m8_users (email, username, first_name, password, gender, prefer_gender, description, pictures, authorized_at, access_token, position, interests) values ('ealvarezb@multiply.com', 'verngt12', 'Ernest', '7c222fb2927d828af22f592134e8932480637c0d', 'Male', 'Male', 'Lorem ipsum dolor sit amet, consectetuer adipiscing elit. Proin risus. Praesent lectus. Vestibulum quam sapien, varius ut, blandit non, interdum in, ante.', '{"","","","","",""}', current_timestamp, 'ed36d676-ed3a-4c8d-be04-3a2963d7ff83', 'SRID=4326;POINT(20.225554 44.826104)', '{"meeting new people", "automotive", "health"}');
insert into social.m8_users (email, username, first_name, password, gender, prefer_gender, description, pictures, authorized_at, access_token, position, interests) values ('jhayesc@quantcast.com', 'verngt13', 'Joan', '7c222fb2927d828af22f592134e8932480637c0d', 'Female', 'Both', 'Maecenas leo odio, condimentum id, luctus nec, molestie sed, justo. Pellentesque viverra pede ac diam. Cras pellentesque volutpat dui. Maecenas tristique, est et tempus semper, est quam pharetra magna, ac consequat metus sapien ut nunc. Vestibulum ante ipsum primis in faucibus orci luctus et ultrices posuere cubilia Curae; Mauris viverra diam vitae quam. Suspendisse potenti. Nullam porttitor lacus at turpis. Donec posuere metus vitae ipsum. Aliquam non mauris.', '{"","","","","",""}', current_timestamp, '145fd03f-b9a8-46f9-bccc-6a0c72f43c55', 'SRID=4326;POINT(20.223935 44.824485)', '{"meeting new people", "automotive", "health"}');
insert into social.m8_users (email, username, first_name, password, gender, prefer_gender, description, pictures, authorized_at, access_token, position, interests) values ('jrayd@odnoklassniki.ru', 'verngt14', 'Judy', '7c222fb2927d828af22f592134e8932480637c0d', 'Female', 'Male', 'In tempor, turpis nec euismod scelerisque, quam turpis adipiscing lorem, vitae mattis nibh ligula nec sem. Duis aliquam convallis nunc. Proin at turpis a pede posuere nonummy. Integer non velit. Donec diam neque, vestibulum eget, vulputate ut, ultrices vel, augue.', '{"","","","","",""}', current_timestamp, 'b82a8467-8cf0-49c6-983b-698a2a77a9e2', 'SRID=4326;POINT(20.223276 44.823826)', '{"meeting new people", "automotive", "health"}');
insert into social.m8_users (email, username, first_name, password, gender, prefer_gender, description, pictures, authorized_at, access_token, position, interests) values ('tparkere@gmpg.org', 'verngt15', 'Tammy', '7c222fb2927d828af22f592134e8932480637c0d', 'Female', 'Both', 'Nulla ut erat id mauris vulputate elementum. Nullam varius. Nulla facilisi. Cras non velit nec nisi vulputate nonummy. Maecenas tincidunt lacus at velit. Vivamus vel nulla eget eros elementum pellentesque. Quisque porta volutpat erat. Quisque erat eros, viverra eget, congue eget, semper rutrum, nulla. Nunc purus. Phasellus in felis.', '{"","","","","",""}', current_timestamp, '24e71330-4662-4ebe-a208-108e5b17886b', 'SRID=4326;POINT(20.22238 44.82293)', '{"meeting new people", "automotive", "health"}');
insert into social.m8_users (email, username, first_name, password, gender, prefer_gender, description, pictures, authorized_at, access_token, position, interests) values ('chughesf@weather.com', 'verngt16', 'Cheryl', '7c222fb2927d828af22f592134e8932480637c0d', 'Female', 'Female', 'Nam dui. Proin leo odio, porttitor id, consequat in, consequat ut, nulla. Sed accumsan felis. Ut at dolor quis odio consequat varius. Integer ac leo. Pellentesque ultrices mattis odio. Donec vitae nisi.', '{"","","","","",""}', current_timestamp, '92dd3caa-89f2-44f7-8ba5-c012701253b0', 'SRID=4326;POINT(20.225936 44.826486)', '{"meeting new people", "automotive", "health"}');
insert into social.m8_users (email, username, first_name, password, gender, prefer_gender, description, pictures, authorized_at, access_token, position, interests) values ('sryang@wix.com', 'verngt17', 'Sandra', '7c222fb2927d828af22f592134e8932480637c0d', 'Female', 'Male', 'Cras non velit nec nisi vulputate nonummy. Maecenas tincidunt lacus at velit. Vivamus vel nulla eget eros elementum pellentesque. Quisque porta volutpat erat. Quisque erat eros, viverra eget, congue eget, semper rutrum, nulla. Nunc purus. Phasellus in felis.', '{"","","","","",""}', current_timestamp, '98c4f074-e012-4a8a-abef-69a148415ffd', 'SRID=4326;POINT(20.22912 44.82967)', '{"meeting new people", "automotive", "health"}');
insert into social.m8_users (email, username, first_name, password, gender, prefer_gender, description, pictures, authorized_at, access_token, position, interests) values ('jcrawfordh@hhs.gov', 'verngt18', 'Jeffrey', '7c222fb2927d828af22f592134e8932480637c0d', 'Male', 'Female', 'Morbi ut odio. Cras mi pede, malesuada in, imperdiet et, commodo vulputate, justo. In blandit ultrices enim. Lorem ipsum dolor sit amet, consectetuer adipiscing elit. Proin interdum mauris non ligula pellentesque ultrices. Phasellus id sapien in sapien iaculis congue.', '{"","","","","",""}', current_timestamp, '3c88a07f-acb0-4d82-9792-ea867805dd67', 'SRID=4326;POINT(20.226339 44.826889)', '{"meeting new people", "automotive", "health"}');
insert into social.m8_users (email, username, first_name, password, gender, prefer_gender, description, pictures, authorized_at, access_token, position, interests) values ('rsmithi@nydailynews.com', 'verngt19', 'Rachel', '7c222fb2927d828af22f592134e8932480637c0d', 'Female', 'Both', 'Cras pellentesque volutpat dui. Maecenas tristique, est et tempus semper, est quam pharetra magna, ac consequat metus sapien ut nunc. Vestibulum ante ipsum primis in faucibus orci luctus et ultrices posuere cubilia Curae; Mauris viverra diam vitae quam. Suspendisse potenti. Nullam porttitor lacus at turpis. Donec posuere metus vitae ipsum. Aliquam non mauris. Morbi non lectus. Aliquam sit amet diam in magna bibendum imperdiet. Nullam orci pede, venenatis non, sodales sed, tincidunt eu, felis.', '{"","","","","",""}', current_timestamp, 'dce7549b-b964-409d-bdc8-36e3e5048a36', 'SRID=4326;POINT(20.229774999999999999 44.830324999999999999)', '{"meeting new people", "automotive", "health"}');
insert into social.m8_users (email, username, first_name, password, gender, prefer_gender, description, pictures, authorized_at, access_token, position, interests) values ('mreedj@multiply.com', 'verngt20', 'Marie', '7c222fb2927d828af22f592134e8932480637c0d', 'Female', 'Female', 'Morbi quis tortor id nulla ultrices aliquet. Maecenas leo odio, condimentum id, luctus nec, molestie sed, justo. Pellentesque viverra pede ac diam. Cras pellentesque volutpat dui. Maecenas tristique, est et tempus semper, est quam pharetra magna, ac consequat metus sapien ut nunc. Vestibulum ante ipsum primis in faucibus orci luctus et ultrices posuere cubilia Curae; Mauris viverra diam vitae quam. Suspendisse potenti. Nullam porttitor lacus at turpis.', '{"","","","","",""}', current_timestamp, 'd19d3cd3-bdea-4247-9d52-58d79f6d9c31', 'SRID=4326;POINT(20.231779 44.832329)', '{"meeting new people", "automotive", "health"}');
insert into social.m8_users (email, username, first_name, password, gender, prefer_gender, description, pictures, authorized_at, access_token, position, interests) values ('jbutlerk@vimeo.com', 'verngt21', 'Joseph', '7c222fb2927d828af22f592134e8932480637c0d', 'Male', 'Female', 'Vivamus in felis eu sapien cursus vestibulum. Proin eu mi. Nulla ac enim. In tempor, turpis nec euismod scelerisque, quam turpis adipiscing lorem, vitae mattis nibh ligula nec sem. Duis aliquam convallis nunc. Proin at turpis a pede posuere nonummy. Integer non velit.', '{"","","","","",""}', current_timestamp, '8e1b9291-02fa-4cde-8883-1cf4f9fb501a', 'SRID=4326;POINT(20.228321 44.828871)', '{"meeting new people", "automotive", "health"}');
insert into social.m8_users (email, username, first_name, password, gender, prefer_gender, description, pictures, authorized_at, access_token, position, interests) values ('bperryl@icio.us', 'verngt22', 'Beverly', '7c222fb2927d828af22f592134e8932480637c0d', 'Female', 'Female', 'Proin at turpis a pede posuere nonummy. Integer non velit. Donec diam neque, vestibulum eget, vulputate ut, ultrices vel, augue. Vestibulum ante ipsum primis in faucibus orci luctus et ultrices posuere cubilia Curae; Donec pharetra, magna vestibulum aliquet ultrices, erat tortor sollicitudin mi, sit amet lobortis sapien sapien non mi. Integer ac neque. Duis bibendum. Morbi non quam nec dui luctus rutrum. Nulla tellus. In sagittis dui vel nisl. Duis ac nibh.', '{"","","","","",""}', current_timestamp, 'f8d6ee91-cce5-48fa-8136-dd000b0d6e9a', 'SRID=4326;POINT(20.229033 44.829583)', '{"meeting new people", "automotive", "health"}');
insert into social.m8_users (email, username, first_name, password, gender, prefer_gender, description, pictures, authorized_at, access_token, position, interests) values ('acookm@mlb.com', 'verngt23', 'Andrea', '7c222fb2927d828af22f592134e8932480637c0d', 'Female', 'Female', 'Aenean lectus. Pellentesque eget nunc. Donec quis orci eget orci vehicula condimentum. Curabitur in libero ut massa volutpat convallis. Morbi odio odio, elementum eu, interdum eu, tincidunt in, leo. Maecenas pulvinar lobortis est. Phasellus sit amet erat. Nulla tempus. Vivamus in felis eu sapien cursus vestibulum. Proin eu mi.', '{"","","","","",""}', current_timestamp, 'b7890a68-8fe9-4251-9ba4-9f2d67ee5b78', 'SRID=4326;POINT(20.227522 44.828072)', '{"meeting new people", "automotive", "health"}');
insert into social.m8_users (email, username, first_name, password, gender, prefer_gender, description, pictures, authorized_at, access_token, position, interests) values ('sdunnn@blogs.com', 'verngt24', 'Sandra', '7c222fb2927d828af22f592134e8932480637c0d', 'Female', 'Both', 'In hac habitasse platea dictumst. Maecenas ut massa quis augue luctus tincidunt. Nulla mollis molestie lorem. Quisque ut erat. Curabitur gravida nisi at nibh. In hac habitasse platea dictumst. Aliquam augue quam, sollicitudin vitae, consectetuer eget, rutrum at, lorem. Integer tincidunt ante vel ipsum. Praesent blandit lacinia erat. Vestibulum sed magna at nunc commodo placerat.', '{"","","","","",""}', current_timestamp, '8fd629d3-8488-42fe-9cd9-95d1d1a97d4d', 'SRID=4326;POINT(20.227805 44.828355)', '{"meeting new people", "automotive", "health"}');
insert into social.m8_users (email, username, first_name, password, gender, prefer_gender, description, pictures, authorized_at, access_token, position, interests) values ('wsanchezo@ucoz.ru', 'verngt25', 'Wanda', '7c222fb2927d828af22f592134e8932480637c0d', 'Female', 'Male', 'Integer ac leo. Pellentesque ultrices mattis odio.', '{"","","","","",""}', current_timestamp, 'ab472c88-de9b-4408-a875-cbe3f8d16504', 'SRID=4326;POINT(20.224806 44.825356)', '{"meeting new people", "automotive", "health"}');
insert into social.m8_users (email, username, first_name, password, gender, prefer_gender, description, pictures, authorized_at, access_token, position, interests) values ('mholmesp@webeden.co.uk', 'verngt26', 'Marie', '7c222fb2927d828af22f592134e8932480637c0d', 'Female', 'Both', 'Duis bibendum. Morbi non quam nec dui luctus rutrum. Nulla tellus. In sagittis dui vel nisl. Duis ac nibh. Fusce lacus purus, aliquet at, feugiat non, pretium quis, lectus. Suspendisse potenti. In eleifend quam a odio. In hac habitasse platea dictumst.', '{"","","","","",""}', current_timestamp, 'fc734df1-a4b1-4a1e-8434-2080c1d12fdc', 'SRID=4326;POINT(20.230530999999999999 44.831080999999999999)', '{"meeting new people", "automotive", "health"}');
insert into social.m8_users (email, username, first_name, password, gender, prefer_gender, description, pictures, authorized_at, access_token, position, interests) values ('awagnerq@flickr.com', 'verngt27', 'Anna', '7c222fb2927d828af22f592134e8932480637c0d', 'Female', 'Female', 'Cras mi pede, malesuada in, imperdiet et, commodo vulputate, justo. In blandit ultrices enim. Lorem ipsum dolor sit amet, consectetuer adipiscing elit. Proin interdum mauris non ligula pellentesque ultrices. Phasellus id sapien in sapien iaculis congue.', '{"","","","","",""}', current_timestamp, '34c998b9-6112-4620-ab0a-131e613a6188', 'SRID=4326;POINT(20.228674999999999999 44.829224999999999999)', '{"meeting new people", "automotive", "health"}');
insert into social.m8_users (email, username, first_name, password, gender, prefer_gender, description, pictures, authorized_at, access_token, position, interests) values ('lwhiter@patch.com', 'verngt28', 'Lori', '7c222fb2927d828af22f592134e8932480637c0d', 'Female', 'Both', 'In hac habitasse platea dictumst. Etiam faucibus cursus urna. Ut tellus. Nulla ut erat id mauris vulputate elementum.', '{"","","","","",""}', current_timestamp, 'a7a85389-70e0-43fc-b270-c8ffe7a9e8f7', 'SRID=4326;POINT(20.226953 44.827503)', '{"meeting new people", "automotive", "health"}');
insert into social.m8_users (email, username, first_name, password, gender, prefer_gender, description, pictures, authorized_at, access_token, position, interests) values ('idaviss@princeton.edu', 'verngt29', 'Irene', '7c222fb2927d828af22f592134e8932480637c0d', 'Female', 'Both', 'Duis bibendum, felis sed interdum venenatis, turpis enim blandit mi, in porttitor pede justo eu massa. Donec dapibus. Duis at velit eu est congue elementum. In hac habitasse platea dictumst. Morbi vestibulum, velit id pretium iaculis, diam erat fermentum justo, nec condimentum neque sapien placerat ante. Nulla justo. Aliquam quis turpis eget elit sodales scelerisque. Mauris sit amet eros.', '{"","","","","",""}', current_timestamp, '6f89ffea-7d90-45a3-be24-6d4d91497bdd', 'SRID=4326;POINT(20.223928 44.824478)', '{"meeting new people", "automotive", "health"}');
insert into social.m8_users (email, username, first_name, password, gender, prefer_gender, description, pictures, authorized_at, access_token, position, interests) values ('mrobinsont@posterous.com', 'verngt30', 'Melissa', '7c222fb2927d828af22f592134e8932480637c0d', 'Female', 'Male', 'Morbi non quam nec dui luctus rutrum. Nulla tellus. In sagittis dui vel nisl. Duis ac nibh.', '{"","","","","",""}', current_timestamp, 'ed4950e1-1dab-4a95-b262-0c2118dc5861', 'SRID=4326;POINT(20.223419 44.823969)', '{"meeting new people", "automotive", "health"}');
insert into social.m8_users (email, username, first_name, password, gender, prefer_gender, description, pictures, authorized_at, access_token, position, interests) values ('jreyesu@behance.net', 'verngt31', 'Jesse', '7c222fb2927d828af22f592134e8932480637c0d', 'Male', 'Female', 'Fusce posuere felis sed lacus. Morbi sem mauris, laoreet ut, rhoncus aliquet, pulvinar sed, nisl.', '{"","","","","",""}', current_timestamp, '36f687e8-9b42-477f-ae6e-c0b482f4cc76', 'SRID=4326;POINT(20.224567 44.825117)', '{"meeting new people", "automotive", "health"}');
insert into social.m8_users (email, username, first_name, password, gender, prefer_gender, description, pictures, authorized_at, access_token, position, interests) values ('dburtonv@prlog.org', 'verngt32', 'Doris', '7c222fb2927d828af22f592134e8932480637c0d', 'Female', 'Male', 'Pellentesque at nulla.', '{"","","","","",""}', current_timestamp, 'b9818bc0-9076-4a5d-99b1-81d850a72e9f', 'SRID=4326;POINT(20.230327 44.830877)', '{"meeting new people", "automotive", "health"}');
insert into social.m8_users (email, username, first_name, password, gender, prefer_gender, description, pictures, authorized_at, access_token, position, interests) values ('rpattersonw@gmpg.org', 'verngt33', 'Rose', '7c222fb2927d828af22f592134e8932480637c0d', 'Female', 'Female', 'Vestibulum quam sapien, varius ut, blandit non, interdum in, ante. Vestibulum ante ipsum primis in faucibus orci luctus et ultrices posuere cubilia Curae; Duis faucibus accumsan odio. Curabitur convallis. Duis consequat dui nec nisi volutpat eleifend. Donec ut dolor. Morbi vel lectus in quam fringilla rhoncus. Mauris enim leo, rhoncus sed, vestibulum sit amet, cursus id, turpis.', '{"","","","","",""}', current_timestamp, 'c275fe98-6e5d-4b36-b7aa-aa79a06a1995', 'SRID=4326;POINT(20.228589 44.829139)', '{"meeting new people", "automotive", "health"}');
insert into social.m8_users (email, username, first_name, password, gender, prefer_gender, description, pictures, authorized_at, access_token, position, interests) values ('ahendersonx@rediff.com', 'verngt34', 'Andrea', '7c222fb2927d828af22f592134e8932480637c0d', 'Female', 'Both', 'Praesent id massa id nisl venenatis lacinia.', '{"","","","","",""}', current_timestamp, '5d6b486d-a101-4397-aa61-52e16516571f', 'SRID=4326;POINT(20.227188 44.827738)', '{"meeting new people", "automotive", "health"}');
insert into social.m8_users (email, username, first_name, password, gender, prefer_gender, description, pictures, authorized_at, access_token, position, interests) values ('rfoxy@prweb.com', 'verngt35', 'Ralph', '7c222fb2927d828af22f592134e8932480637c0d', 'Male', 'Female', 'Quisque id justo sit amet sapien dignissim vestibulum. Vestibulum ante ipsum primis in faucibus orci luctus et ultrices posuere cubilia Curae; Nulla dapibus dolor vel est. Donec odio justo, sollicitudin ut, suscipit a, feugiat et, eros. Vestibulum ac est lacinia nisi venenatis tristique. Fusce congue, diam id ornare imperdiet, sapien urna pretium nisl, ut volutpat sapien arcu sed augue. Aliquam erat volutpat. In congue. Etiam justo. Etiam pretium iaculis justo.', '{"","","","","",""}', current_timestamp, 'b67d0429-ddcf-4ee5-8bce-691eee87313e', 'SRID=4326;POINT(20.22305 44.8236)', '{"meeting new people", "automotive", "health"}');
insert into social.m8_users (email, username, first_name, password, gender, prefer_gender, description, pictures, authorized_at, access_token, position, interests) values ('rperezz@free.fr', 'verngt36', 'Rebecca', '7c222fb2927d828af22f592134e8932480637c0d', 'Female', 'Male', 'Nullam sit amet turpis elementum ligula vehicula consequat.', '{"","","","","",""}', current_timestamp, '67cb90e0-79bf-4684-8698-44b1b43f55d4', 'SRID=4326;POINT(20.221962 44.822512)', '{"meeting new people", "automotive", "health"}');

-- social for jin (38.904381, 121.676218)
insert into social.m8_users (email, username, first_name, password, gender, prefer_gender, description, pictures, authorized_at, access_token, position, interests) values ('tmartinez0@unesco.org', 'jin1', 'Teresa', '7c222fb2927d828af22f592134e8932480637c0d', 'Female', 'Male', 'In hac habitasse platea dictumst. Morbi vestibulum, velit id pretium iaculis, diam erat fermentum justo, nec condimentum neque sapien placerat ante. Nulla justo. Aliquam quis turpis eget elit sodales scelerisque. Mauris sit amet eros. Suspendisse accumsan tortor quis turpis. Sed ante.', '{"","","","","",""}', current_timestamp, '21979115-8d5a-4db5-9a7e-7899a4052fc1', 'SRID=4326;POINT(121.683694 38.911857)', '{"meeting new people", "automotive", "health"}');
insert into social.m8_users (email, username, first_name, password, gender, prefer_gender, description, pictures, authorized_at, access_token, position, interests) values ('dbennett1@oakley.com', 'jin2', 'Donald', '7c222fb2927d828af22f592134e8932480637c0d', 'Male', 'Female', 'Proin leo odio, porttitor id, consequat in, consequat ut, nulla. Sed accumsan felis. Ut at dolor quis odio consequat varius. Integer ac leo. Pellentesque ultrices mattis odio. Donec vitae nisi. Nam ultrices, libero non mattis pulvinar, nulla pede ullamcorper augue, a suscipit nulla elit ac nulla. Sed vel enim sit amet nunc viverra dapibus. Nulla suscipit ligula in lacus.', '{"","","","","",""}', current_timestamp, '7448193c-08bb-4057-8296-c27e7b1e0331', 'SRID=4326;POINT(121.684350999999999999 38.912513999999999999)', '{"meeting new people", "automotive", "health"}');
insert into social.m8_users (email, username, first_name, password, gender, prefer_gender, description, pictures, authorized_at, access_token, position, interests) values ('jlawrence2@marketwatch.com', 'jin3', 'Jane', '7c222fb2927d828af22f592134e8932480637c0d', 'Female', 'Male', 'Donec vitae nisi. Nam ultrices, libero non mattis pulvinar, nulla pede ullamcorper augue, a suscipit nulla elit ac nulla.', '{"","","","","",""}', current_timestamp, '6f550cf8-c5f0-4031-afb8-76ee5e4787e4', 'SRID=4326;POINT(121.678069 38.906232)', '{"meeting new people", "automotive", "health"}');
insert into social.m8_users (email, username, first_name, password, gender, prefer_gender, description, pictures, authorized_at, access_token, position, interests) values ('lschmidt3@dagondesign.com', 'jin4', 'Lawrence', '7c222fb2927d828af22f592134e8932480637c0d', 'Male', 'Female', 'In hac habitasse platea dictumst. Maecenas ut massa quis augue luctus tincidunt. Nulla mollis molestie lorem. Quisque ut erat. Curabitur gravida nisi at nibh. In hac habitasse platea dictumst. Aliquam augue quam, sollicitudin vitae, consectetuer eget, rutrum at, lorem.', '{"","","","","",""}', current_timestamp, '4040a5d2-2342-494d-89b3-9d0d9e19b4cd', 'SRID=4326;POINT(121.686060999999999999 38.914223999999999999)', '{"meeting new people", "automotive", "health"}');
insert into social.m8_users (email, username, first_name, password, gender, prefer_gender, description, pictures, authorized_at, access_token, position, interests) values ('tboyd4@angelfire.com', 'jin5', 'Terry', '7c222fb2927d828af22f592134e8932480637c0d', 'Male', 'Both', 'Nulla ut erat id mauris vulputate elementum. Nullam varius. Nulla facilisi. Cras non velit nec nisi vulputate nonummy. Maecenas tincidunt lacus at velit. Vivamus vel nulla eget eros elementum pellentesque. Quisque porta volutpat erat.', '{"","","","","",""}', current_timestamp, '693e6f0e-3c17-4a73-9ebc-60e19e24a524', 'SRID=4326;POINT(121.682033 38.910196)', '{"meeting new people", "automotive", "health"}');
insert into social.m8_users (email, username, first_name, password, gender, prefer_gender, description, pictures, authorized_at, access_token, position, interests) values ('solson5@mysql.com', 'jin6', 'Stephen', '7c222fb2927d828af22f592134e8932480637c0d', 'Male', 'Male', 'Donec quis orci eget orci vehicula condimentum. Curabitur in libero ut massa volutpat convallis. Morbi odio odio, elementum eu, interdum eu, tincidunt in, leo. Maecenas pulvinar lobortis est. Phasellus sit amet erat. Nulla tempus.', '{"","","","","",""}', current_timestamp, 'de694b45-9978-4e68-b59b-0d6b2d355249', 'SRID=4326;POINT(121.684836 38.912999)', '{"meeting new people", "automotive", "health"}');
insert into social.m8_users (email, username, first_name, password, gender, prefer_gender, description, pictures, authorized_at, access_token, position, interests) values ('hwashington6@guardian.co.uk', 'jin7', 'Helen', '7c222fb2927d828af22f592134e8932480637c0d', 'Female', 'Female', 'In est risus, auctor sed, tristique in, tempus sit amet, sem. Fusce consequat. Nulla nisl. Nunc nisl.', '{"","","","","",""}', current_timestamp, 'c6515969-ad3b-45f3-bcf6-5d52246db64d', 'SRID=4326;POINT(121.682637 38.9108)', '{"meeting new people", "automotive", "health"}');
insert into social.m8_users (email, username, first_name, password, gender, prefer_gender, description, pictures, authorized_at, access_token, position, interests) values ('cpowell7@bravesites.com', 'jin8', 'Carolyn', '7c222fb2927d828af22f592134e8932480637c0d', 'Female', 'Both', 'Mauris sit amet eros. Suspendisse accumsan tortor quis turpis. Sed ante. Vivamus tortor.', '{"","","","","",""}', current_timestamp, '966cd2ad-210f-4d5e-aa8d-c5c4ef56b087', 'SRID=4326;POINT(121.682011 38.910174)', '{"meeting new people", "automotive", "health"}');
insert into social.m8_users (email, username, first_name, password, gender, prefer_gender, description, pictures, authorized_at, access_token, position, interests) values ('jhansen8@narod.ru', 'jin9', 'Joyce', '7c222fb2927d828af22f592134e8932480637c0d', 'Female', 'Female', 'Duis bibendum. Morbi non quam nec dui luctus rutrum. Nulla tellus. In sagittis dui vel nisl. Duis ac nibh.', '{"","","","","",""}', current_timestamp, 'e4f47e61-ffc6-40a6-992c-73f745b42b62', 'SRID=4326;POINT(121.679019 38.907182)', '{"meeting new people", "automotive", "health"}');
insert into social.m8_users (email, username, first_name, password, gender, prefer_gender, description, pictures, authorized_at, access_token, position, interests) values ('aromero9@pbs.org', 'jin10', 'Ashley', '7c222fb2927d828af22f592134e8932480637c0d', 'Female', 'Male', 'Nam congue, risus semper porta volutpat, quam pede lobortis ligula, sit amet eleifend pede libero quis orci. Nullam molestie nibh in lectus. Pellentesque at nulla. Suspendisse potenti. Cras in purus eu magna vulputate luctus. Cum sociis natoque penatibus et magnis dis parturient montes, nascetur ridiculus mus. Vivamus vestibulum sagittis sapien. Cum sociis natoque penatibus et magnis dis parturient montes, nascetur ridiculus mus. Etiam vel augue.', '{"","","","","",""}', current_timestamp, '193d7677-0adf-4eae-b082-4e1eddde4b12', 'SRID=4326;POINT(121.6778 38.905963)', '{"meeting new people", "automotive", "health"}');
insert into social.m8_users (email, username, first_name, password, gender, prefer_gender, description, pictures, authorized_at, access_token, position, interests) values ('eramireza@e-recht24.de', 'jin11', 'Evelyn', '7c222fb2927d828af22f592134e8932480637c0d', 'Female', 'Male', 'Donec semper sapien a libero. Nam dui.', '{"","","","","",""}', current_timestamp, 'e1230a85-8bd7-4086-8286-439bd96eae90', 'SRID=4326;POINT(121.683806 38.911969)', '{"meeting new people", "automotive", "health"}');
insert into social.m8_users (email, username, first_name, password, gender, prefer_gender, description, pictures, authorized_at, access_token, position, interests) values ('randrewsb@psu.edu', 'jin12', 'Rebecca', '7c222fb2927d828af22f592134e8932480637c0d', 'Female', 'Female', 'Duis aliquam convallis nunc. Proin at turpis a pede posuere nonummy. Integer non velit.', '{"","","","","",""}', current_timestamp, '1987719c-7f6f-437a-804b-1e9605dbaa96', 'SRID=4326;POINT(121.677773 38.905936)', '{"meeting new people", "automotive", "health"}');
insert into social.m8_users (email, username, first_name, password, gender, prefer_gender, description, pictures, authorized_at, access_token, position, interests) values ('rcruzc@google.nl', 'jin13', 'Ruth', '7c222fb2927d828af22f592134e8932480637c0d', 'Female', 'Both', 'Donec posuere metus vitae ipsum. Aliquam non mauris. Morbi non lectus. Aliquam sit amet diam in magna bibendum imperdiet. Nullam orci pede, venenatis non, sodales sed, tincidunt eu, felis. Fusce posuere felis sed lacus. Morbi sem mauris, laoreet ut, rhoncus aliquet, pulvinar sed, nisl. Nunc rhoncus dui vel sem. Sed sagittis. Nam congue, risus semper porta volutpat, quam pede lobortis ligula, sit amet eleifend pede libero quis orci.', '{"","","","","",""}', current_timestamp, '35fce320-0aae-491b-a0cd-a2cbe687dd32', 'SRID=4326;POINT(121.682876999999999999 38.911039999999999999)', '{"meeting new people", "automotive", "health"}');
insert into social.m8_users (email, username, first_name, password, gender, prefer_gender, description, pictures, authorized_at, access_token, position, interests) values ('dolsond@amazon.co.jp', 'jin14', 'Doris', '7c222fb2927d828af22f592134e8932480637c0d', 'Female', 'Male', 'Vestibulum ante ipsum primis in faucibus orci luctus et ultrices posuere cubilia Curae; Donec pharetra, magna vestibulum aliquet ultrices, erat tortor sollicitudin mi, sit amet lobortis sapien sapien non mi. Integer ac neque. Duis bibendum. Morbi non quam nec dui luctus rutrum. Nulla tellus. In sagittis dui vel nisl. Duis ac nibh.', '{"","","","","",""}', current_timestamp, 'bd969459-02f2-4e71-b029-d3e6ab9e66bc', 'SRID=4326;POINT(121.6789 38.907063)', '{"meeting new people", "automotive", "health"}');
insert into social.m8_users (email, username, first_name, password, gender, prefer_gender, description, pictures, authorized_at, access_token, position, interests) values ('mmatthewse@boston.com', 'jin15', 'Margaret', '7c222fb2927d828af22f592134e8932480637c0d', 'Female', 'Both', 'In hac habitasse platea dictumst. Morbi vestibulum, velit id pretium iaculis, diam erat fermentum justo, nec condimentum neque sapien placerat ante. Nulla justo. Aliquam quis turpis eget elit sodales scelerisque. Mauris sit amet eros.', '{"","","","","",""}', current_timestamp, 'b52843e3-3542-4455-a99f-bf75d239622a', 'SRID=4326;POINT(121.676432 38.904595)', '{"meeting new people", "automotive", "health"}');
insert into social.m8_users (email, username, first_name, password, gender, prefer_gender, description, pictures, authorized_at, access_token, position, interests) values ('spetersonf@nifty.com', 'jin16', 'Stephanie', '7c222fb2927d828af22f592134e8932480637c0d', 'Female', 'Female', 'In congue. Etiam justo. Etiam pretium iaculis justo.', '{"","","","","",""}', current_timestamp, '00c5d10d-849e-48df-aae5-8b5d0fb1237d', 'SRID=4326;POINT(121.678891 38.907054)', '{"meeting new people", "automotive", "health"}');
insert into social.m8_users (email, username, first_name, password, gender, prefer_gender, description, pictures, authorized_at, access_token, position, interests) values ('clynchg@dedecms.com', 'jin17', 'Cheryl', '7c222fb2927d828af22f592134e8932480637c0d', 'Female', 'Both', 'Fusce lacus purus, aliquet at, feugiat non, pretium quis, lectus. Suspendisse potenti. In eleifend quam a odio. In hac habitasse platea dictumst. Maecenas ut massa quis augue luctus tincidunt. Nulla mollis molestie lorem. Quisque ut erat. Curabitur gravida nisi at nibh.', '{"","","","","",""}', current_timestamp, 'ce8fbbaf-5ed4-407f-af43-61b015185357', 'SRID=4326;POINT(121.682274999999999999 38.910437999999999999)', '{"meeting new people", "automotive", "health"}');
insert into social.m8_users (email, username, first_name, password, gender, prefer_gender, description, pictures, authorized_at, access_token, position, interests) values ('nbryanth@usgs.gov', 'jin18', 'Nancy', '7c222fb2927d828af22f592134e8932480637c0d', 'Female', 'Female', 'Proin eu mi. Nulla ac enim. In tempor, turpis nec euismod scelerisque, quam turpis adipiscing lorem, vitae mattis nibh ligula nec sem. Duis aliquam convallis nunc. Proin at turpis a pede posuere nonummy. Integer non velit. Donec diam neque, vestibulum eget, vulputate ut, ultrices vel, augue. Vestibulum ante ipsum primis in faucibus orci luctus et ultrices posuere cubilia Curae; Donec pharetra, magna vestibulum aliquet ultrices, erat tortor sollicitudin mi, sit amet lobortis sapien sapien non mi. Integer ac neque. Duis bibendum.', '{"","","","","",""}', current_timestamp, '7c464eca-495a-45bb-a19c-0b1a05cebd40', 'SRID=4326;POINT(121.68278 38.910943)', '{"meeting new people", "automotive", "health"}');
insert into social.m8_users (email, username, first_name, password, gender, prefer_gender, description, pictures, authorized_at, access_token, position, interests) values ('tramirezi@deviantart.com', 'jin19', 'Terry', '7c222fb2927d828af22f592134e8932480637c0d', 'Male', 'Female', 'Nunc purus. Phasellus in felis. Donec semper sapien a libero. Nam dui. Proin leo odio, porttitor id, consequat in, consequat ut, nulla. Sed accumsan felis.', '{"","","","","",""}', current_timestamp, '2696a272-e2c7-44c3-b698-bf2c22a5f9d6', 'SRID=4326;POINT(121.678926 38.907089)', '{"meeting new people", "automotive", "health"}');
insert into social.m8_users (email, username, first_name, password, gender, prefer_gender, description, pictures, authorized_at, access_token, position, interests) values ('gellisj@reuters.com', 'jin20', 'George', '7c222fb2927d828af22f592134e8932480637c0d', 'Male', 'Male', 'Donec odio justo, sollicitudin ut, suscipit a, feugiat et, eros. Vestibulum ac est lacinia nisi venenatis tristique. Fusce congue, diam id ornare imperdiet, sapien urna pretium nisl, ut volutpat sapien arcu sed augue. Aliquam erat volutpat. In congue. Etiam justo. Etiam pretium iaculis justo. In hac habitasse platea dictumst.', '{"","","","","",""}', current_timestamp, '1f69aa12-9f4c-461d-857c-97ea79d6d9ae', 'SRID=4326;POINT(121.685531999999999999 38.913694999999999999)', '{"meeting new people", "automotive", "health"}');
insert into social.m8_users (email, username, first_name, password, gender, prefer_gender, description, pictures, authorized_at, access_token, position, interests) values ('celliottk@wsj.com', 'jin21', 'Chris', '7c222fb2927d828af22f592134e8932480637c0d', 'Male', 'Female', 'Morbi non quam nec dui luctus rutrum. Nulla tellus. In sagittis dui vel nisl. Duis ac nibh. Fusce lacus purus, aliquet at, feugiat non, pretium quis, lectus. Suspendisse potenti. In eleifend quam a odio. In hac habitasse platea dictumst. Maecenas ut massa quis augue luctus tincidunt.', '{"","","","","",""}', current_timestamp, '61c47947-c8f3-49f6-88bf-2596aa256ffc', 'SRID=4326;POINT(121.685658999999999999 38.913821999999999999)', '{"meeting new people", "automotive", "health"}');
insert into social.m8_users (email, username, first_name, password, gender, prefer_gender, description, pictures, authorized_at, access_token, position, interests) values ('rhayesl@go.com', 'jin22', 'Ruby', '7c222fb2927d828af22f592134e8932480637c0d', 'Female', 'Both', 'Morbi vestibulum, velit id pretium iaculis, diam erat fermentum justo, nec condimentum neque sapien placerat ante. Nulla justo. Aliquam quis turpis eget elit sodales scelerisque. Mauris sit amet eros. Suspendisse accumsan tortor quis turpis. Sed ante. Vivamus tortor. Duis mattis egestas metus. Aenean fermentum.', '{"","","","","",""}', current_timestamp, '1f00fe74-eee6-44bd-a464-d1b3bf08c47a', 'SRID=4326;POINT(121.67651 38.904673)', '{"meeting new people", "automotive", "health"}');
insert into social.m8_users (email, username, first_name, password, gender, prefer_gender, description, pictures, authorized_at, access_token, position, interests) values ('bpowellm@mit.edu', 'jin23', 'Barbara', '7c222fb2927d828af22f592134e8932480637c0d', 'Female', 'Male', 'Praesent blandit. Nam nulla. Integer pede justo, lacinia eget, tincidunt eget, tempus vel, pede.', '{"","","","","",""}', current_timestamp, '1530a60f-b276-46c3-8a6c-1968be6c3e25', 'SRID=4326;POINT(121.682473 38.910636)', '{"meeting new people", "automotive", "health"}');
insert into social.m8_users (email, username, first_name, password, gender, prefer_gender, description, pictures, authorized_at, access_token, position, interests) values ('bgeorgen@ning.com', 'jin24', 'Benjamin', '7c222fb2927d828af22f592134e8932480637c0d', 'Male', 'Female', 'Integer a nibh. In quis justo. Maecenas rhoncus aliquam lacus. Morbi quis tortor id nulla ultrices aliquet. Maecenas leo odio, condimentum id, luctus nec, molestie sed, justo. Pellentesque viverra pede ac diam. Cras pellentesque volutpat dui. Maecenas tristique, est et tempus semper, est quam pharetra magna, ac consequat metus sapien ut nunc. Vestibulum ante ipsum primis in faucibus orci luctus et ultrices posuere cubilia Curae; Mauris viverra diam vitae quam. Suspendisse potenti.', '{"","","","","",""}', current_timestamp, 'afc4e4af-44c9-4f9e-9fe4-cfd20818d74c', 'SRID=4326;POINT(121.686088 38.914251)', '{"meeting new people", "automotive", "health"}');
insert into social.m8_users (email, username, first_name, password, gender, prefer_gender, description, pictures, authorized_at, access_token, position, interests) values ('dstevenso@amazon.co.jp', 'jin25', 'Diane', '7c222fb2927d828af22f592134e8932480637c0d', 'Female', 'Female', 'Fusce congue, diam id ornare imperdiet, sapien urna pretium nisl, ut volutpat sapien arcu sed augue. Aliquam erat volutpat. In congue. Etiam justo. Etiam pretium iaculis justo. In hac habitasse platea dictumst. Etiam faucibus cursus urna.', '{"","","","","",""}', current_timestamp, '2cccc74c-8e82-45ef-9372-087ce00d3572', 'SRID=4326;POINT(121.680848 38.909011)', '{"meeting new people", "automotive", "health"}');
insert into social.m8_users (email, username, first_name, password, gender, prefer_gender, description, pictures, authorized_at, access_token, position, interests) values ('tmeyerp@tmall.com', 'jin26', 'Tammy', '7c222fb2927d828af22f592134e8932480637c0d', 'Female', 'Male', 'Suspendisse accumsan tortor quis turpis. Sed ante. Vivamus tortor. Duis mattis egestas metus. Aenean fermentum. Donec ut mauris eget massa tempor convallis. Nulla neque libero, convallis eget, eleifend luctus, ultricies eu, nibh. Quisque id justo sit amet sapien dignissim vestibulum.', '{"","","","","",""}', current_timestamp, '7382dc6d-435a-4c9a-b069-5e0c671fbea8', 'SRID=4326;POINT(121.682496999999999999 38.910659999999999999)', '{"meeting new people", "automotive", "health"}');
insert into social.m8_users (email, username, first_name, password, gender, prefer_gender, description, pictures, authorized_at, access_token, position, interests) values ('cspencerq@cnn.com', 'jin27', 'Clarence', '7c222fb2927d828af22f592134e8932480637c0d', 'Male', 'Male', 'Vivamus vestibulum sagittis sapien. Cum sociis natoque penatibus et magnis dis parturient montes, nascetur ridiculus mus. Etiam vel augue. Vestibulum rutrum rutrum neque. Aenean auctor gravida sem.', '{"","","","","",""}', current_timestamp, 'b7f6a116-cf4f-4ccf-85f7-dda2830c07b6', 'SRID=4326;POINT(121.679065 38.907228)', '{"meeting new people", "automotive", "health"}');
insert into social.m8_users (email, username, first_name, password, gender, prefer_gender, description, pictures, authorized_at, access_token, position, interests) values ('rharveyr@loc.gov', 'jin28', 'Roger', '7c222fb2927d828af22f592134e8932480637c0d', 'Male', 'Male', 'Nunc rhoncus dui vel sem. Sed sagittis. Nam congue, risus semper porta volutpat, quam pede lobortis ligula, sit amet eleifend pede libero quis orci. Nullam molestie nibh in lectus.', '{"","","","","",""}', current_timestamp, '3295576e-b4b0-4fda-a6f9-30b187b27c03', 'SRID=4326;POINT(121.676794 38.904957)', '{"meeting new people", "automotive", "health"}');
insert into social.m8_users (email, username, first_name, password, gender, prefer_gender, description, pictures, authorized_at, access_token, position, interests) values ('cjamess@chicagotribune.com', 'jin29', 'Clarence', '7c222fb2927d828af22f592134e8932480637c0d', 'Male', 'Both', 'Duis aliquam convallis nunc. Proin at turpis a pede posuere nonummy.', '{"","","","","",""}', current_timestamp, '1e731d9e-e8d0-4d18-b2f9-705efc22b2c1', 'SRID=4326;POINT(121.683539 38.911702)', '{"meeting new people", "automotive", "health"}');
insert into social.m8_users (email, username, first_name, password, gender, prefer_gender, description, pictures, authorized_at, access_token, position, interests) values ('wgarzat@cloudflare.com', 'jin30', 'William', '7c222fb2927d828af22f592134e8932480637c0d', 'Male', 'Female', 'Praesent blandit. Nam nulla. Integer pede justo, lacinia eget, tincidunt eget, tempus vel, pede. Morbi porttitor lorem id ligula. Suspendisse ornare consequat lectus. In est risus, auctor sed, tristique in, tempus sit amet, sem. Fusce consequat. Nulla nisl. Nunc nisl.', '{"","","","","",""}', current_timestamp, 'ee396705-f3c2-4476-bcce-d5b2db2adb04', 'SRID=4326;POINT(121.676322 38.904485)', '{"meeting new people", "automotive", "health"}');
insert into social.m8_users (email, username, first_name, password, gender, prefer_gender, description, pictures, authorized_at, access_token, position, interests) values ('sdixonu@businesswire.com', 'jin31', 'Susan', '7c222fb2927d828af22f592134e8932480637c0d', 'Female', 'Both', 'Nunc rhoncus dui vel sem. Sed sagittis. Nam congue, risus semper porta volutpat, quam pede lobortis ligula, sit amet eleifend pede libero quis orci. Nullam molestie nibh in lectus. Pellentesque at nulla. Suspendisse potenti.', '{"","","","","",""}', current_timestamp, '8c535e81-cce8-4a12-9495-3302350ef953', 'SRID=4326;POINT(121.676282 38.904445)', '{"meeting new people", "automotive", "health"}');
insert into social.m8_users (email, username, first_name, password, gender, prefer_gender, description, pictures, authorized_at, access_token, position, interests) values ('mwallacev@blogspot.com', 'jin32', 'Maria', '7c222fb2927d828af22f592134e8932480637c0d', 'Female', 'Female', 'Proin risus. Praesent lectus. Vestibulum quam sapien, varius ut, blandit non, interdum in, ante. Vestibulum ante ipsum primis in faucibus orci luctus et ultrices posuere cubilia Curae; Duis faucibus accumsan odio. Curabitur convallis. Duis consequat dui nec nisi volutpat eleifend. Donec ut dolor.', '{"","","","","",""}', current_timestamp, '6acb5afa-483e-4aa7-aea1-b4f7a2abcac0', 'SRID=4326;POINT(121.677486 38.905649)', '{"meeting new people", "automotive", "health"}');
insert into social.m8_users (email, username, first_name, password, gender, prefer_gender, description, pictures, authorized_at, access_token, position, interests) values ('kburtonw@ning.com', 'jin33', 'Kelly', '7c222fb2927d828af22f592134e8932480637c0d', 'Female', 'Both', 'Cum sociis natoque penatibus et magnis dis parturient montes, nascetur ridiculus mus. Vivamus vestibulum sagittis sapien. Cum sociis natoque penatibus et magnis dis parturient montes, nascetur ridiculus mus. Etiam vel augue. Vestibulum rutrum rutrum neque. Aenean auctor gravida sem. Praesent id massa id nisl venenatis lacinia. Aenean sit amet justo. Morbi ut odio. Cras mi pede, malesuada in, imperdiet et, commodo vulputate, justo.', '{"","","","","",""}', current_timestamp, 'dd1af4d4-92f6-41d7-9c92-e2d248c85183', 'SRID=4326;POINT(121.683098 38.911261)', '{"meeting new people", "automotive", "health"}');
insert into social.m8_users (email, username, first_name, password, gender, prefer_gender, description, pictures, authorized_at, access_token, position, interests) values ('mmartinx@techcrunch.com', 'jin34', 'Maria', '7c222fb2927d828af22f592134e8932480637c0d', 'Female', 'Female', 'Nulla mollis molestie lorem. Quisque ut erat. Curabitur gravida nisi at nibh. In hac habitasse platea dictumst. Aliquam augue quam, sollicitudin vitae, consectetuer eget, rutrum at, lorem.', '{"","","","","",""}', current_timestamp, 'cd4fb6b2-8081-4fcb-8620-b04a3d3b224e', 'SRID=4326;POINT(121.683655 38.911818)', '{"meeting new people", "automotive", "health"}');
insert into social.m8_users (email, username, first_name, password, gender, prefer_gender, description, pictures, authorized_at, access_token, position, interests) values ('mmendozay@thetimes.co.uk', 'jin35', 'Mildred', '7c222fb2927d828af22f592134e8932480637c0d', 'Female', 'Both', 'Maecenas rhoncus aliquam lacus. Morbi quis tortor id nulla ultrices aliquet. Maecenas leo odio, condimentum id, luctus nec, molestie sed, justo. Pellentesque viverra pede ac diam. Cras pellentesque volutpat dui. Maecenas tristique, est et tempus semper, est quam pharetra magna, ac consequat metus sapien ut nunc. Vestibulum ante ipsum primis in faucibus orci luctus et ultrices posuere cubilia Curae; Mauris viverra diam vitae quam. Suspendisse potenti. Nullam porttitor lacus at turpis.', '{"","","","","",""}', current_timestamp, 'aad1aebb-157a-491e-b258-a2422de93341', 'SRID=4326;POINT(121.681227 38.90939)', '{"meeting new people", "automotive", "health"}');
insert into social.m8_users (email, username, first_name, password, gender, prefer_gender, description, pictures, authorized_at, access_token, position, interests) values ('ryoungz@columbia.edu', 'jin36', 'Roy', '7c222fb2927d828af22f592134e8932480637c0d', 'Male', 'Male', 'In est risus, auctor sed, tristique in, tempus sit amet, sem. Fusce consequat. Nulla nisl. Nunc nisl. Duis bibendum, felis sed interdum venenatis, turpis enim blandit mi, in porttitor pede justo eu massa. Donec dapibus.', '{"","","","","",""}', current_timestamp, '688061da-ae6d-4e67-bc8e-89a0dbd546cb', 'SRID=4326;POINT(121.685755999999999999 38.913918999999999999)', '{"meeting new people", "automotive", "health"}');




-- advert for bcowan
insert into advert.advertisers (advertiser_id, name, company_name, email, password, active_util, status, plan_name, price, photo_limit, balance, balance_charged_at, priority) values (1, 'Clarence Willis', 'Dablist', 'bcowan1@gmail.com', '7c222fb2927d828af22f592134e8932480637c0d', '2019-01-17T00:00:00Z', 'active', 'bronze', 1, 3, 10000, '2015-01-17 00:00:00', 100);
insert into advert.advertisers (advertiser_id, name, company_name, email, password, active_util, status, plan_name, price, photo_limit, balance, balance_charged_at, priority) values (2, 'Cynthia Robinson', 'Browsetype', 'bcowan2@gmail.com', '7c222fb2927d828af22f592134e8932480637c0d', '2019-01-17T00:00:00Z', 'active', 'gold', 1, 3, 10000, '2015-01-17 00:00:00', 100);
insert into advert.advertisers (advertiser_id, name, company_name, email, password, active_util, status, plan_name, price, photo_limit, balance, balance_charged_at, priority) values (3, 'Craig Harrison', 'Quatz', 'bcowan3@gmail.com', '7c222fb2927d828af22f592134e8932480637c0d', '2019-01-17T00:00:00Z', 'active', 'silver', 1, 3, 10000, '2015-01-17 00:00:00', 100);
insert into advert.advertisers (advertiser_id, name, company_name, email, password, active_util, status, plan_name, price, photo_limit, balance, balance_charged_at, priority) values (4, 'Steve Fox', 'Avamm', 'bcowan4@gmail.com', '7c222fb2927d828af22f592134e8932480637c0d', '2019-01-17T00:00:00Z', 'active', 'silver', 1, 3, 10000, '2015-01-17 00:00:00', 100);
insert into advert.advertisers (advertiser_id, name, company_name, email, password, active_util, status, plan_name, price, photo_limit, balance, balance_charged_at, priority) values (5, 'Carl Hudson', 'Fadeo', 'bcowan5@gmail.com', '7c222fb2927d828af22f592134e8932480637c0d', '2019-01-17T00:00:00Z', 'active', 'silver', 1, 3, 10000, '2015-01-17 00:00:00', 100);
insert into advert.advertisers (advertiser_id, name, company_name, email, password, active_util, status, plan_name, price, photo_limit, balance, balance_charged_at, priority) values (6, 'Virginia Riley', 'Einti', 'bcowan6@gmail.com', '7c222fb2927d828af22f592134e8932480637c0d', '2019-01-17T00:00:00Z', 'active', 'silver', 1, 3, 10000, '2015-01-17 00:00:00', 100);
insert into advert.advertisers (advertiser_id, name, company_name, email, password, active_util, status, plan_name, price, photo_limit, balance, balance_charged_at, priority) values (7, 'Walter Jenkins', 'Geba', 'bcowan7@gmail.com', '7c222fb2927d828af22f592134e8932480637c0d', '2019-01-17T00:00:00Z', 'active', 'gold', 1, 3, 10000, '2015-01-17 00:00:00', 100);
insert into advert.advertisers (advertiser_id, name, company_name, email, password, active_util, status, plan_name, price, photo_limit, balance, balance_charged_at, priority) values (8, 'Annie Carr', 'Geba', 'bcowan8@gmail.com', '7c222fb2927d828af22f592134e8932480637c0d', '2019-01-17T00:00:00Z', 'active', 'gold', 1, 3, 10000, '2015-01-17 00:00:00', 100);
insert into advert.advertisers (advertiser_id, name, company_name, email, password, active_util, status, plan_name, price, photo_limit, balance, balance_charged_at, priority) values (9, 'Laura Sanders', 'Eadel', 'bcowan9@gmail.com', '7c222fb2927d828af22f592134e8932480637c0d', '2019-01-17T00:00:00Z', 'active', 'bronze', 1, 3, 10000, '2015-01-17 00:00:00', 100);
insert into advert.advertisers (advertiser_id, name, company_name, email, password, active_util, status, plan_name, price, photo_limit, balance, balance_charged_at, priority) values (10, 'Barbara Reid', 'Tagpad', 'bcowan10@gmail.com', '7c222fb2927d828af22f592134e8932480637c0d', '2019-01-17T00:00:00Z', 'active', 'gold', 1, 3, 10000, '2015-01-17 00:00:00', 100);
insert into advert.advertisers (advertiser_id, name, company_name, email, password, active_util, status, plan_name, price, photo_limit, balance, balance_charged_at, priority) values (11, 'Shawn Stanley', 'Trilith', 'bcowan11@gmail.com', '7c222fb2927d828af22f592134e8932480637c0d', '2019-01-17T00:00:00Z', 'active', 'gold', 1, 3, 10000, '2015-01-17 00:00:00', 100);
insert into advert.advertisers (advertiser_id, name, company_name, email, password, active_util, status, plan_name, price, photo_limit, balance, balance_charged_at, priority) values (12, 'Amy Tucker', 'Vidoo', 'bcowan12@gmail.com', '7c222fb2927d828af22f592134e8932480637c0d', '2019-01-17T00:00:00Z', 'active', 'silver', 1, 3, 10000, '2015-01-17 00:00:00', 100);
insert into advert.advertisers (advertiser_id, name, company_name, email, password, active_util, status, plan_name, price, photo_limit, balance, balance_charged_at, priority) values (13, 'Kevin Patterson', 'Divape', 'bcowan13@gmail.com', '7c222fb2927d828af22f592134e8932480637c0d', '2019-01-17T00:00:00Z', 'active', 'gold', 1, 3, 10000, '2015-01-17 00:00:00', 100);
insert into advert.advertisers (advertiser_id, name, company_name, email, password, active_util, status, plan_name, price, photo_limit, balance, balance_charged_at, priority) values (14, 'Randy Gonzalez', 'Quatz', 'bcowan14@gmail.com', '7c222fb2927d828af22f592134e8932480637c0d', '2019-01-17T00:00:00Z', 'active', 'gold', 1, 3, 10000, '2015-01-17 00:00:00', 100);
insert into advert.advertisers (advertiser_id, name, company_name, email, password, active_util, status, plan_name, price, photo_limit, balance, balance_charged_at, priority) values (15, 'Debra Peterson', 'Yombu', 'bcowan15@gmail.com', '7c222fb2927d828af22f592134e8932480637c0d', '2019-01-17T00:00:00Z', 'active', 'silver', 1, 3, 10000, '2015-01-17 00:00:00', 100);
insert into advert.advertisers (advertiser_id, name, company_name, email, password, active_util, status, plan_name, price, photo_limit, balance, balance_charged_at, priority) values (16, 'Julia Vasquez', 'JumpXS', 'bcowan16@gmail.com', '7c222fb2927d828af22f592134e8932480637c0d', '2019-01-17T00:00:00Z', 'active', 'gold', 1, 3, 10000, '2015-01-17 00:00:00', 100);
insert into advert.advertisers (advertiser_id, name, company_name, email, password, active_util, status, plan_name, price, photo_limit, balance, balance_charged_at, priority) values (17, 'Willie Lee', 'Realbuzz', 'bcowan17@gmail.com', '7c222fb2927d828af22f592134e8932480637c0d', '2019-01-17T00:00:00Z', 'active', 'bronze', 1, 3, 10000, '2015-01-17 00:00:00', 100);
insert into advert.advertisers (advertiser_id, name, company_name, email, password, active_util, status, plan_name, price, photo_limit, balance, balance_charged_at, priority) values (18, 'Nicholas Ellis', 'Jabbersphere', 'bcowan18@gmail.com', '7c222fb2927d828af22f592134e8932480637c0d', '2019-01-17T00:00:00Z', 'active', 'silver', 1, 3, 10000, '2015-01-17 00:00:00', 100);
insert into advert.advertisers (advertiser_id, name, company_name, email, password, active_util, status, plan_name, price, photo_limit, balance, balance_charged_at, priority) values (19, 'Christine Fowler', 'Eare', 'bcowan19@gmail.com', '7c222fb2927d828af22f592134e8932480637c0d', '2019-01-17T00:00:00Z', 'active', 'gold', 1, 3, 10000, '2015-01-17 00:00:00', 100);
insert into advert.advertisers (advertiser_id, name, company_name, email, password, active_util, status, plan_name, price, photo_limit, balance, balance_charged_at, priority) values (20, 'Harry Williams', 'Voomm', 'bcowan20@gmail.com', '7c222fb2927d828af22f592134e8932480637c0d', '2019-01-17T00:00:00Z', 'active', 'gold', 1, 3, 10000, '2015-01-17 00:00:00', 100);

insert into advert.adverts (advertiser_id, business_name, contact_number, website, address, position, description) values (1, 'Bubblebox', '6-(440)107-7666', 'http://yale.edu/quam/nec/dui/luctus/rutrum/nulla/tellus.png', '55 Lotheville Crossing', 'SRID=4326;POINT(151.289804 -33.871702)', 'Fusce consequat. Nulla nisl. Nunc nisl.');
insert into advert.adverts (advertiser_id, business_name, contact_number, website, address, position, description) values (2, 'Oyope', '1-(347)577-3400', 'https://printfriendly.com/nibh/fusce/lacus.json', '59 New Castle Trail', 'SRID=4326;POINT(151.290395999999999999 -33.872293999999999999)', 'Aliquam sit amet diam in magna bibendum imperdiet. Nullam orci pede, venenatis non, sodales sed, tincidunt eu, felis.');
insert into advert.adverts (advertiser_id, business_name, contact_number, website, address, position, description) values (3, 'Oyoloo', '0-(485)353-6415', 'http://soup.io/urna/ut.js', '546 Bowman Way', 'SRID=4326;POINT(151.284582 -33.86648)', 'Nulla nisl. Nunc nisl.');
insert into advert.adverts (advertiser_id, business_name, contact_number, website, address, position, description) values (4, 'Thoughtbeat', '1-(692)899-0494', 'https://cafepress.com/tellus/semper/interdum/mauris/ullamcorper/purus/sit.jpg', '659 Nancy Place', 'SRID=4326;POINT(151.286437 -33.868335)', 'Cras in purus eu magna vulputate luctus. Cum sociis natoque penatibus et magnis dis parturient montes, nascetur ridiculus mus. Vivamus vestibulum sagittis sapien. Cum sociis natoque penatibus et magnis dis parturient montes, nascetur ridiculus mus. Etiam vel augue. Vestibulum rutrum rutrum neque. Aenean auctor gravida sem. Praesent id massa id nisl venenatis lacinia. Aenean sit amet justo.');
insert into advert.adverts (advertiser_id, business_name, contact_number, website, address, position, description) values (5, 'Devshare', '1-(308)074-7994', 'https://earthlink.net/vulputate.xml', '189 Carey Crossing', 'SRID=4326;POINT(151.288470999999999999 -33.870368999999999999)', 'Mauris enim leo, rhoncus sed, vestibulum sit amet, cursus id, turpis.');
insert into advert.adverts (advertiser_id, business_name, contact_number, website, address, position, description) values (6, 'Skippad', '1-(064)038-3173', 'https://icq.com/imperdiet/et/commodo/vulputate/justo/in.json', '11 Eastwood Road', 'SRID=4326;POINT(151.28611 -33.868008)', 'Praesent blandit. Nam nulla. Integer pede justo, lacinia eget, tincidunt eget, tempus vel, pede. Morbi porttitor lorem id ligula.');
insert into advert.adverts (advertiser_id, business_name, contact_number, website, address, position, description) values (7, 'Tagtune', '5-(877)883-6414', 'http://smugmug.com/lectus/aliquam/sit/amet.json', '712 Buell Parkway', 'SRID=4326;POINT(151.289847 -33.871745)', 'In quis justo. Maecenas rhoncus aliquam lacus. Morbi quis tortor id nulla ultrices aliquet. Maecenas leo odio, condimentum id, luctus nec, molestie sed, justo. Pellentesque viverra pede ac diam. Cras pellentesque volutpat dui.');
insert into advert.adverts (advertiser_id, business_name, contact_number, website, address, position, description) values (8, 'Kanoodle', '9-(690)787-0919', 'http://europa.eu/aliquet/maecenas/leo/odio/condimentum/id.aspx', '029 Lillian Junction', 'SRID=4326;POINT(151.291256999999999999 -33.873154999999999999)', 'Duis ac nibh. Fusce lacus purus, aliquet at, feugiat non, pretium quis, lectus. Suspendisse potenti. In eleifend quam a odio. In hac habitasse platea dictumst. Maecenas ut massa quis augue luctus tincidunt. Nulla mollis molestie lorem. Quisque ut erat.');
insert into advert.adverts (advertiser_id, business_name, contact_number, website, address, position, description) values (9, 'Flashspan', '8-(821)610-9188', 'http://vkontakte.ru/metus.jsp', '23 Kinsman Trail', 'SRID=4326;POINT(151.282587 -33.864485)', 'Mauris lacinia sapien quis libero. Nullam sit amet turpis elementum ligula vehicula consequat.');
insert into advert.adverts (advertiser_id, business_name, contact_number, website, address, position, description) values (10, 'Browsebug', '4-(820)835-0516', 'https://abc.net.au/interdum/eu/tincidunt/in/leo/maecenas.html', '47 Sloan Street', 'SRID=4326;POINT(151.281849 -33.863747)', 'Nullam porttitor lacus at turpis. Donec posuere metus vitae ipsum. Aliquam non mauris.');
insert into advert.adverts (advertiser_id, business_name, contact_number, website, address, position, description) values (11, 'Digitube', '7-(213)868-1484', 'http://sakura.ne.jp/in/faucibus.js', '41259 Dayton Pass', 'SRID=4326;POINT(151.282885 -33.864783)', 'Nulla justo. Aliquam quis turpis eget elit sodales scelerisque. Mauris sit amet eros. Suspendisse accumsan tortor quis turpis. Sed ante. Vivamus tortor. Duis mattis egestas metus.');
insert into advert.adverts (advertiser_id, business_name, contact_number, website, address, position, description) values (12, 'Leenti', '4-(649)401-6126', 'http://engadget.com/nullam/molestie/nibh.aspx', '63 Porter Plaza', 'SRID=4326;POINT(151.285532999999999999 -33.867430999999999999)', 'Morbi a ipsum. Integer a nibh.');
insert into advert.adverts (advertiser_id, business_name, contact_number, website, address, position, description) values (13, 'Kazio', '6-(061)928-2907', 'http://ycombinator.com/sapien/placerat/ante/nulla/justo.aspx', '1 Corscot Park', 'SRID=4326;POINT(151.284723 -33.866621)', 'Maecenas rhoncus aliquam lacus. Morbi quis tortor id nulla ultrices aliquet. Maecenas leo odio, condimentum id, luctus nec, molestie sed, justo. Vestibulum ante ipsum primis in faucibus orci luctus et ultrices posuere cubilia Curae; Mauris viverra diam vitae quam. Suspendisse potenti. Nullam porttitor lacus at turpis. Donec posuere metus vitae ipsum.');
insert into advert.adverts (advertiser_id, business_name, contact_number, website, address, position, description) values (14, 'Devpulse', '5-(190)239-6935', 'https://ning.com/mi/in/porttitor/pede/justo/eu/massa.png', '7 Clove Place', 'SRID=4326;POINT(151.291488999999999999 -33.873386999999999999)', 'Integer tincidunt ante vel ipsum. Praesent blandit lacinia erat. Vestibulum sed magna at nunc commodo placerat.');
insert into advert.adverts (advertiser_id, business_name, contact_number, website, address, position, description) values (15, 'Aimbu', '8-(016)892-3709', 'https://intel.com/sit/amet.jpg', '79820 Moulton Terrace', 'SRID=4326;POINT(151.282866 -33.864764)', 'Nulla mollis molestie lorem. Quisque ut erat. Curabitur gravida nisi at nibh. In hac habitasse platea dictumst. Aliquam augue quam, sollicitudin vitae, consectetuer eget, rutrum at, lorem.');
insert into advert.adverts (advertiser_id, business_name, contact_number, website, address, position, description) values (16, 'Photolist', '1-(870)859-3143', 'https://ftc.gov/et/ultrices/posuere/cubilia.html', '70 Brentwood Road', 'SRID=4326;POINT(151.291351999999999999 -33.873249999999999999)', 'Nulla neque libero, convallis eget, eleifend luctus, ultricies eu, nibh. Quisque id justo sit amet sapien dignissim vestibulum. Vestibulum ante ipsum primis in faucibus orci luctus et ultrices posuere cubilia Curae; Nulla dapibus dolor vel est. Donec odio justo, sollicitudin ut, suscipit a, feugiat et, eros. Vestibulum ac est lacinia nisi venenatis tristique.');
insert into advert.adverts (advertiser_id, business_name, contact_number, website, address, position, description) values (17, 'Rooxo', '9-(613)528-3550', 'http://opensource.org/vestibulum/ante/ipsum/primis/in/faucibus.aspx', '37 Corben Circle', 'SRID=4326;POINT(151.289346 -33.871244)', 'Proin risus. Praesent lectus. Vestibulum quam sapien, varius ut, blandit non, interdum in, ante. Vestibulum ante ipsum primis in faucibus orci luctus et ultrices posuere cubilia Curae; Duis faucibus accumsan odio. Curabitur convallis. Duis consequat dui nec nisi volutpat eleifend. Donec ut dolor. Morbi vel lectus in quam fringilla rhoncus. Mauris enim leo, rhoncus sed, vestibulum sit amet, cursus id, turpis.');
insert into advert.adverts (advertiser_id, business_name, contact_number, website, address, position, description) values (18, 'Gabcube', '4-(166)322-4714', 'http://state.gov/nullam/molestie/nibh/in/lectus.html', '633 Hagan Terrace', 'SRID=4326;POINT(151.290614999999999999 -33.872512999999999999)', 'Maecenas tristique, est et tempus semper, est quam pharetra magna, ac consequat metus sapien ut nunc. Vestibulum ante ipsum primis in faucibus orci luctus et ultrices posuere cubilia Curae; Mauris viverra diam vitae quam. Suspendisse potenti.');
insert into advert.adverts (advertiser_id, business_name, contact_number, website, address, position, description) values (19, 'Pixope', '7-(756)081-1850', 'https://printfriendly.com/amet/turpis/elementum/ligula/vehicula.json', '463 Oriole Court', 'SRID=4326;POINT(151.282432 -33.86433)', 'Duis at velit eu est congue elementum. In hac habitasse platea dictumst. Morbi vestibulum, velit id pretium iaculis, diam erat fermentum justo, nec condimentum neque sapien placerat ante. Nulla justo.');
insert into advert.adverts (advertiser_id, business_name, contact_number, website, address, position, description) values (20, 'Skimia', '1-(140)325-0451', 'http://dailymail.co.uk/ac/nibh.jsp', '188 Helena Court', 'SRID=4326;POINT(151.287333 -33.869231)', 'Sed accumsan felis. Ut at dolor quis odio consequat varius. Integer ac leo. Pellentesque ultrices mattis odio.');

-- advert for verngt
insert into advert.advertisers (advertiser_id, name, company_name, email, password, active_util, status, plan_name, price, photo_limit, balance, balance_charged_at, priority) values (21, 'Rebecca Pierce', 'Twitterbeat', 'verngt1@gmail.com', '7c222fb2927d828af22f592134e8932480637c0d', '2019-01-17T00:00:00Z', 'active', 'gold', 1, 3, 10000, '2015-01-17 00:00:00', 100);
insert into advert.advertisers (advertiser_id, name, company_name, email, password, active_util, status, plan_name, price, photo_limit, balance, balance_charged_at, priority) values (22, 'Karen Lopez', 'Oyoba', 'verngt2@gmail.com', '7c222fb2927d828af22f592134e8932480637c0d', '2019-01-17T00:00:00Z', 'active', 'silver', 1, 3, 10000, '2015-01-17 00:00:00', 100);
insert into advert.advertisers (advertiser_id, name, company_name, email, password, active_util, status, plan_name, price, photo_limit, balance, balance_charged_at, priority) values (23, 'Kathleen Franklin', 'Bluejam', 'verngt3@gmail.com', '7c222fb2927d828af22f592134e8932480637c0d', '2019-01-17T00:00:00Z', 'active', 'bronze', 1, 3, 10000, '2015-01-17 00:00:00', 100);
insert into advert.advertisers (advertiser_id, name, company_name, email, password, active_util, status, plan_name, price, photo_limit, balance, balance_charged_at, priority) values (24, 'Judy Brooks', 'Thoughtblab', 'verngt4@gmail.com', '7c222fb2927d828af22f592134e8932480637c0d', '2019-01-17T00:00:00Z', 'active', 'bronze', 1, 3, 10000, '2015-01-17 00:00:00', 100);
insert into advert.advertisers (advertiser_id, name, company_name, email, password, active_util, status, plan_name, price, photo_limit, balance, balance_charged_at, priority) values (25, 'Kenneth Kelley', 'Topiczoom', 'verngt5@gmail.com', '7c222fb2927d828af22f592134e8932480637c0d', '2019-01-17T00:00:00Z', 'active', 'silver', 1, 3, 10000, '2015-01-17 00:00:00', 100);
insert into advert.advertisers (advertiser_id, name, company_name, email, password, active_util, status, plan_name, price, photo_limit, balance, balance_charged_at, priority) values (26, 'Eugene Edwards', 'Chatterbridge', 'verngt6@gmail.com', '7c222fb2927d828af22f592134e8932480637c0d', '2019-01-17T00:00:00Z', 'active', 'gold', 1, 3, 10000, '2015-01-17 00:00:00', 100);
insert into advert.advertisers (advertiser_id, name, company_name, email, password, active_util, status, plan_name, price, photo_limit, balance, balance_charged_at, priority) values (27, 'Sarah Hughes', 'Pixope', 'verngt7@gmail.com', '7c222fb2927d828af22f592134e8932480637c0d', '2019-01-17T00:00:00Z', 'active', 'gold', 1, 3, 10000, '2015-01-17 00:00:00', 100);
insert into advert.advertisers (advertiser_id, name, company_name, email, password, active_util, status, plan_name, price, photo_limit, balance, balance_charged_at, priority) values (28, 'Linda Cunningham', 'Nlounge', 'verngt8@gmail.com', '7c222fb2927d828af22f592134e8932480637c0d', '2019-01-17T00:00:00Z', 'active', 'silver', 1, 3, 10000, '2015-01-17 00:00:00', 100);
insert into advert.advertisers (advertiser_id, name, company_name, email, password, active_util, status, plan_name, price, photo_limit, balance, balance_charged_at, priority) values (29, 'Ronald Frazier', 'Brainsphere', 'verngt9@gmail.com', '7c222fb2927d828af22f592134e8932480637c0d', '2019-01-17T00:00:00Z', 'active', 'bronze', 1, 3, 10000, '2015-01-17 00:00:00', 100);
insert into advert.advertisers (advertiser_id, name, company_name, email, password, active_util, status, plan_name, price, photo_limit, balance, balance_charged_at, priority) values (30, 'Dorothy Woods', 'Eayo', 'verngt10@gmail.com', '7c222fb2927d828af22f592134e8932480637c0d', '2019-01-17T00:00:00Z', 'active', 'gold', 1, 3, 10000, '2015-01-17 00:00:00', 100);
insert into advert.advertisers (advertiser_id, name, company_name, email, password, active_util, status, plan_name, price, photo_limit, balance, balance_charged_at, priority) values (31, 'Steven Sanchez', 'Trupe', 'verngt11@gmail.com', '7c222fb2927d828af22f592134e8932480637c0d', '2019-01-17T00:00:00Z', 'active', 'gold', 1, 3, 10000, '2015-01-17 00:00:00', 100);
insert into advert.advertisers (advertiser_id, name, company_name, email, password, active_util, status, plan_name, price, photo_limit, balance, balance_charged_at, priority) values (32, 'Bruce Austin', 'Avavee', 'verngt12@gmail.com', '7c222fb2927d828af22f592134e8932480637c0d', '2019-01-17T00:00:00Z', 'active', 'bronze', 1, 3, 10000, '2015-01-17 00:00:00', 100);
insert into advert.advertisers (advertiser_id, name, company_name, email, password, active_util, status, plan_name, price, photo_limit, balance, balance_charged_at, priority) values (33, 'Frances Stanley', 'Mybuzz', 'verngt13@gmail.com', '7c222fb2927d828af22f592134e8932480637c0d', '2019-01-17T00:00:00Z', 'active', 'gold', 1, 3, 10000, '2015-01-17 00:00:00', 100);
insert into advert.advertisers (advertiser_id, name, company_name, email, password, active_util, status, plan_name, price, photo_limit, balance, balance_charged_at, priority) values (34, 'Lawrence White', 'Aimbo', 'verngt14@gmail.com', '7c222fb2927d828af22f592134e8932480637c0d', '2019-01-17T00:00:00Z', 'active', 'bronze', 1, 3, 10000, '2015-01-17 00:00:00', 100);
insert into advert.advertisers (advertiser_id, name, company_name, email, password, active_util, status, plan_name, price, photo_limit, balance, balance_charged_at, priority) values (35, 'Sean Kennedy', 'Jetwire', 'verngt15@gmail.com', '7c222fb2927d828af22f592134e8932480637c0d', '2019-01-17T00:00:00Z', 'active', 'gold', 1, 3, 10000, '2015-01-17 00:00:00', 100);
insert into advert.advertisers (advertiser_id, name, company_name, email, password, active_util, status, plan_name, price, photo_limit, balance, balance_charged_at, priority) values (36, 'Cynthia Hansen', 'Tagpad', 'verngt16@gmail.com', '7c222fb2927d828af22f592134e8932480637c0d', '2019-01-17T00:00:00Z', 'active', 'bronze', 1, 3, 10000, '2015-01-17 00:00:00', 100);
insert into advert.advertisers (advertiser_id, name, company_name, email, password, active_util, status, plan_name, price, photo_limit, balance, balance_charged_at, priority) values (37, 'Martha Hicks', 'Devcast', 'verngt17@gmail.com', '7c222fb2927d828af22f592134e8932480637c0d', '2019-01-17T00:00:00Z', 'active', 'silver', 1, 3, 10000, '2015-01-17 00:00:00', 100);
insert into advert.advertisers (advertiser_id, name, company_name, email, password, active_util, status, plan_name, price, photo_limit, balance, balance_charged_at, priority) values (38, 'Christina Reed', 'Zazio', 'verngt18@gmail.com', '7c222fb2927d828af22f592134e8932480637c0d', '2019-01-17T00:00:00Z', 'active', 'gold', 1, 3, 10000, '2015-01-17 00:00:00', 100);
insert into advert.advertisers (advertiser_id, name, company_name, email, password, active_util, status, plan_name, price, photo_limit, balance, balance_charged_at, priority) values (39, 'Henry Gibson', 'Flipopia', 'verngt19@gmail.com', '7c222fb2927d828af22f592134e8932480637c0d', '2019-01-17T00:00:00Z', 'active', 'gold', 1, 3, 10000, '2015-01-17 00:00:00', 100);
insert into advert.advertisers (advertiser_id, name, company_name, email, password, active_util, status, plan_name, price, photo_limit, balance, balance_charged_at, priority) values (40, 'Donald Morales', 'Devbug', 'verngt20@gmail.com', '7c222fb2927d828af22f592134e8932480637c0d', '2019-01-17T00:00:00Z', 'active', 'bronze', 1, 3, 10000, '2015-01-17 00:00:00', 100);

insert into advert.adverts (advertiser_id, business_name, contact_number, website, address, position, description) values (21, 'Fivespan', '3-(787)380-9803', 'http://utexas.edu/orci/luctus/et/ultrices/posuere/cubilia.js', '4 Manitowish Park', 'SRID=4326;POINT(20.224485 44.825035)', 'Donec diam neque, vestibulum eget, vulputate ut, ultrices vel, augue. Vestibulum ante ipsum primis in faucibus orci luctus et ultrices posuere cubilia Curae; Donec pharetra, magna vestibulum aliquet ultrices, erat tortor sollicitudin mi, sit amet lobortis sapien sapien non mi. Integer ac neque. Duis bibendum. Morbi non quam nec dui luctus rutrum. Nulla tellus. In sagittis dui vel nisl. Duis ac nibh. Fusce lacus purus, aliquet at, feugiat non, pretium quis, lectus. Suspendisse potenti.');
insert into advert.adverts (advertiser_id, business_name, contact_number, website, address, position, description) values (22, 'Edgewire', '8-(554)844-2738', 'https://surveymonkey.com/vel/augue/vestibulum/ante/ipsum/primis.json', '2 7th Court', 'SRID=4326;POINT(20.223866 44.824416)', 'Fusce congue, diam id ornare imperdiet, sapien urna pretium nisl, ut volutpat sapien arcu sed augue. Aliquam erat volutpat. In congue. Etiam justo. Etiam pretium iaculis justo. In hac habitasse platea dictumst. Etiam faucibus cursus urna. Ut tellus.');
insert into advert.adverts (advertiser_id, business_name, contact_number, website, address, position, description) values (23, 'Agimba', '8-(107)211-4409', 'https://upenn.edu/sed/nisl/nunc/rhoncus/dui/vel.html', '1 Marquette Junction', 'SRID=4326;POINT(20.22296 44.82351)', 'Maecenas rhoncus aliquam lacus. Morbi quis tortor id nulla ultrices aliquet. Maecenas leo odio, condimentum id, luctus nec, molestie sed, justo. Pellentesque viverra pede ac diam. Cras pellentesque volutpat dui.');
insert into advert.adverts (advertiser_id, business_name, contact_number, website, address, position, description) values (24, 'Edgepulse', '0-(362)537-1058', 'http://netvibes.com/felis/donec/semper.json', '14 Monica Parkway', 'SRID=4326;POINT(20.230722999999999999 44.831272999999999999)', 'Cras non velit nec nisi vulputate nonummy.');
insert into advert.adverts (advertiser_id, business_name, contact_number, website, address, position, description) values (25, 'Flipstorm', '0-(472)487-2338', 'https://vkontakte.ru/justo/in/blandit.jpg', '4042 Declaration Crossing', 'SRID=4326;POINT(20.222658 44.823208)', 'Morbi a ipsum. Integer a nibh. In quis justo. Maecenas rhoncus aliquam lacus.');
insert into advert.adverts (advertiser_id, business_name, contact_number, website, address, position, description) values (26, 'Wikivu', '9-(447)431-8257', 'https://edublogs.org/mattis/egestas/metus/aenean.xml', '1 Declaration Circle', 'SRID=4326;POINT(20.222978999999999999 44.823528999999999999)', 'Integer ac neque. Duis bibendum.');
insert into advert.adverts (advertiser_id, business_name, contact_number, website, address, position, description) values (27, 'Skipfire', '5-(213)893-5142', 'http://yellowpages.com/nulla/ut/erat/id/mauris/vulputate.jsp', '441 Pine View Alley', 'SRID=4326;POINT(20.224661 44.825211)', 'Integer non velit. Donec diam neque, vestibulum eget, vulputate ut, ultrices vel, augue.');
insert into advert.adverts (advertiser_id, business_name, contact_number, website, address, position, description) values (28, 'Bluejam', '9-(678)622-0432', 'http://angelfire.com/pretium/quis/lectus/suspendisse.jpg', '443 Marcy Point', 'SRID=4326;POINT(20.231111 44.831661)', 'Etiam justo. Etiam pretium iaculis justo. In hac habitasse platea dictumst. Etiam faucibus cursus urna. Ut tellus. Nulla ut erat id mauris vulputate elementum. Nullam varius. Nulla facilisi. Cras non velit nec nisi vulputate nonummy. Maecenas tincidunt lacus at velit.');
insert into advert.adverts (advertiser_id, business_name, contact_number, website, address, position, description) values (29, 'Zoombeat', '2-(418)806-6300', 'https://angelfire.com/vestibulum/ante/ipsum.jpg', '5847 Dovetail Alley', 'SRID=4326;POINT(20.22349 44.82404)', 'Maecenas leo odio, condimentum id, luctus nec, molestie sed, justo. Pellentesque viverra pede ac diam. Cras pellentesque volutpat dui. Maecenas tristique, est et tempus semper, est quam pharetra magna, ac consequat metus sapien ut nunc.');
insert into advert.adverts (advertiser_id, business_name, contact_number, website, address, position, description) values (30, 'Jaloo', '2-(189)959-3262', 'https://mapquest.com/turpis/eget/elit/sodales.aspx', '745 Norway Maple Trail', 'SRID=4326;POINT(20.227545999999999999 44.828095999999999999)', 'Morbi a ipsum. Integer a nibh. In quis justo. Maecenas rhoncus aliquam lacus. Morbi quis tortor id nulla ultrices aliquet. Maecenas leo odio, condimentum id, luctus nec, molestie sed, justo. Pellentesque viverra pede ac diam. Cras pellentesque volutpat dui.');
insert into advert.adverts (advertiser_id, business_name, contact_number, website, address, position, description) values (31, 'Jabberbean', '3-(773)476-4658', 'http://hostgator.com/nulla/eget.html', '30 Riverside Court', 'SRID=4326;POINT(20.223698 44.824248)', 'Nunc rhoncus dui vel sem. Sed sagittis. Nam congue, risus semper porta volutpat, quam pede lobortis ligula, sit amet eleifend pede libero quis orci. Nullam molestie nibh in lectus. Pellentesque at nulla. Suspendisse potenti. Cras in purus eu magna vulputate luctus. Cum sociis natoque penatibus et magnis dis parturient montes, nascetur ridiculus mus. Vivamus vestibulum sagittis sapien.');
insert into advert.adverts (advertiser_id, business_name, contact_number, website, address, position, description) values (32, 'Avaveo', '9-(861)909-3589', 'http://people.com.cn/pretium/quis/lectus/suspendisse/potenti/in.js', '77 East Parkway', 'SRID=4326;POINT(20.229137 44.829687)', 'Aenean auctor gravida sem. Praesent id massa id nisl venenatis lacinia. Aenean sit amet justo. Morbi ut odio. Cras mi pede, malesuada in, imperdiet et, commodo vulputate, justo. In blandit ultrices enim. Lorem ipsum dolor sit amet, consectetuer adipiscing elit. Proin interdum mauris non ligula pellentesque ultrices. Phasellus id sapien in sapien iaculis congue. Vivamus metus arcu, adipiscing molestie, hendrerit at, vulputate vitae, nisl.');
insert into advert.adverts (advertiser_id, business_name, contact_number, website, address, position, description) values (33, 'Meeveo', '5-(674)323-2830', 'https://devhub.com/magna.json', '8 Twin Pines Pass', 'SRID=4326;POINT(20.226513999999999999 44.827063999999999999)', 'Nulla nisl. Nunc nisl. Duis bibendum, felis sed interdum venenatis, turpis enim blandit mi, in porttitor pede justo eu massa. Donec dapibus. Duis at velit eu est congue elementum. In hac habitasse platea dictumst. Morbi vestibulum, velit id pretium iaculis, diam erat fermentum justo, nec condimentum neque sapien placerat ante. Nulla justo.');
insert into advert.adverts (advertiser_id, business_name, contact_number, website, address, position, description) values (34, 'Flipopia', '7-(735)406-0650', 'http://cpanel.net/in/tempor/turpis/nec/euismod/scelerisque/quam.json', '1399 Gina Terrace', 'SRID=4326;POINT(20.224741 44.825291)', 'Vivamus vestibulum sagittis sapien.');
insert into advert.adverts (advertiser_id, business_name, contact_number, website, address, position, description) values (35, 'Twitterwire', '4-(573)221-4460', 'http://zdnet.com/magna/ac/consequat/metus/sapien/ut/nunc.js', '578 Dunning Parkway', 'SRID=4326;POINT(20.229287 44.829837)', 'Donec diam neque, vestibulum eget, vulputate ut, ultrices vel, augue. Vestibulum ante ipsum primis in faucibus orci luctus et ultrices posuere cubilia Curae; Donec pharetra, magna vestibulum aliquet ultrices, erat tortor sollicitudin mi, sit amet lobortis sapien sapien non mi. Integer ac neque. Duis bibendum. Morbi non quam nec dui luctus rutrum. Nulla tellus. In sagittis dui vel nisl.');
insert into advert.adverts (advertiser_id, business_name, contact_number, website, address, position, description) values (36, 'Brightdog', '0-(984)968-2201', 'http://google.com.br/sed/nisl/nunc/rhoncus/dui.js', '98996 Bunker Hill Way', 'SRID=4326;POINT(20.225630999999999999 44.826180999999999999)', 'Nunc rhoncus dui vel sem. Sed sagittis. Nam congue, risus semper porta volutpat, quam pede lobortis ligula, sit amet eleifend pede libero quis orci. Nullam molestie nibh in lectus. Pellentesque at nulla. Suspendisse potenti.');
insert into advert.adverts (advertiser_id, business_name, contact_number, website, address, position, description) values (37, 'Edgeblab', '9-(251)278-2908', 'http://a8.net/volutpat/in/congue/etiam/justo/etiam.png', '87 Carioca Plaza', 'SRID=4326;POINT(20.230627999999999999 44.831177999999999999)', 'Aliquam quis turpis eget elit sodales scelerisque. Mauris sit amet eros. Suspendisse accumsan tortor quis turpis. Sed ante. Vivamus tortor. Duis mattis egestas metus. Aenean fermentum. Donec ut mauris eget massa tempor convallis.');
insert into advert.adverts (advertiser_id, business_name, contact_number, website, address, position, description) values (38, 'Babbleset', '3-(549)718-7647', 'http://addthis.com/venenatis/non/sodales/sed/tincidunt.xml', '4625 Bunting Park', 'SRID=4326;POINT(20.229257 44.829807)', 'Maecenas leo odio, condimentum id, luctus nec, molestie sed, justo. Pellentesque viverra pede ac diam. Cras pellentesque volutpat dui. Maecenas tristique, est et tempus semper, est quam pharetra magna, ac consequat metus sapien ut nunc. Vestibulum ante ipsum primis in faucibus orci luctus et ultrices posuere cubilia Curae; Mauris viverra diam vitae quam. Suspendisse potenti.');
insert into advert.adverts (advertiser_id, business_name, contact_number, website, address, position, description) values (39, 'Livetube', '9-(614)821-5388', 'http://sciencedirect.com/mauris/enim/leo/rhoncus/sed/vestibulum.html', '57561 Corscot Court', 'SRID=4326;POINT(20.224092 44.824642)', 'Fusce consequat. Nulla nisl. Nunc nisl. Duis bibendum, felis sed interdum venenatis, turpis enim blandit mi, in porttitor pede justo eu massa. Donec dapibus. Duis at velit eu est congue elementum.');
insert into advert.adverts (advertiser_id, business_name, contact_number, website, address, position, description) values (40, 'Shufflebeat', '4-(523)147-5548', 'https://slashdot.org/adipiscing/lorem/vitae/mattis/nibh/ligula/nec.jsp', '64 Rutledge Hill', 'SRID=4326;POINT(20.22408 44.82463)', 'In blandit ultrices enim. Lorem ipsum dolor sit amet, consectetuer adipiscing elit. Proin interdum mauris non ligula pellentesque ultrices.');

-- advert for jin
insert into advert.advertisers (advertiser_id, name, company_name, email, password, active_util, status, plan_name, price, photo_limit, balance, balance_charged_at, priority) values (41, 'Christopher Gonzalez', 'Realcube', 'jin1@gmail.com', '7c222fb2927d828af22f592134e8932480637c0d', '2019-01-17T00:00:00Z', 'active', 'gold', 1, 3, 10000, '2015-01-17 00:00:00', 100);
insert into advert.advertisers (advertiser_id, name, company_name, email, password, active_util, status, plan_name, price, photo_limit, balance, balance_charged_at, priority) values (42, 'Helen Jones', 'Shufflebeat', 'jin2@gmail.com', '7c222fb2927d828af22f592134e8932480637c0d', '2019-01-17T00:00:00Z', 'active', 'bronze', 1, 3, 10000, '2015-01-17 00:00:00', 100);
insert into advert.advertisers (advertiser_id, name, company_name, email, password, active_util, status, plan_name, price, photo_limit, balance, balance_charged_at, priority) values (43, 'Debra Nelson', 'Quatz', 'jin3@gmail.com', '7c222fb2927d828af22f592134e8932480637c0d', '2019-01-17T00:00:00Z', 'active', 'silver', 1, 3, 10000, '2015-01-17 00:00:00', 100);
insert into advert.advertisers (advertiser_id, name, company_name, email, password, active_util, status, plan_name, price, photo_limit, balance, balance_charged_at, priority) values (44, 'Jeffrey Johnston', 'Mudo', 'jin4@gmail.com', '7c222fb2927d828af22f592134e8932480637c0d', '2019-01-17T00:00:00Z', 'active', 'bronze', 1, 3, 10000, '2015-01-17 00:00:00', 100);
insert into advert.advertisers (advertiser_id, name, company_name, email, password, active_util, status, plan_name, price, photo_limit, balance, balance_charged_at, priority) values (45, 'Donna Allen', 'Tagchat', 'jin5@gmail.com', '7c222fb2927d828af22f592134e8932480637c0d', '2019-01-17T00:00:00Z', 'active', 'silver', 1, 3, 10000, '2015-01-17 00:00:00', 100);
insert into advert.advertisers (advertiser_id, name, company_name, email, password, active_util, status, plan_name, price, photo_limit, balance, balance_charged_at, priority) values (46, 'Paula Moreno', 'Nlounge', 'jin6@gmail.com', '7c222fb2927d828af22f592134e8932480637c0d', '2019-01-17T00:00:00Z', 'active', 'gold', 1, 3, 10000, '2015-01-17 00:00:00', 100);
insert into advert.advertisers (advertiser_id, name, company_name, email, password, active_util, status, plan_name, price, photo_limit, balance, balance_charged_at, priority) values (47, 'Johnny Carter', 'Quamba', 'jin7@gmail.com', '7c222fb2927d828af22f592134e8932480637c0d', '2019-01-17T00:00:00Z', 'active', 'silver', 1, 3, 10000, '2015-01-17 00:00:00', 100);
insert into advert.advertisers (advertiser_id, name, company_name, email, password, active_util, status, plan_name, price, photo_limit, balance, balance_charged_at, priority) values (48, 'Christopher Ellis', 'Yabox', 'jin8@gmail.com', '7c222fb2927d828af22f592134e8932480637c0d', '2019-01-17T00:00:00Z', 'active', 'bronze', 1, 3, 10000, '2015-01-17 00:00:00', 100);
insert into advert.advertisers (advertiser_id, name, company_name, email, password, active_util, status, plan_name, price, photo_limit, balance, balance_charged_at, priority) values (49, 'Aaron Andrews', 'Miboo', 'jin9@gmail.com', '7c222fb2927d828af22f592134e8932480637c0d', '2019-01-17T00:00:00Z', 'active', 'silver', 1, 3, 10000, '2015-01-17 00:00:00', 100);
insert into advert.advertisers (advertiser_id, name, company_name, email, password, active_util, status, plan_name, price, photo_limit, balance, balance_charged_at, priority) values (50, 'Gerald Stephens', 'Mudo', 'jin10@gmail.com', '7c222fb2927d828af22f592134e8932480637c0d', '2019-01-17T00:00:00Z', 'active', 'bronze', 1, 3, 10000, '2015-01-17 00:00:00', 100);
insert into advert.advertisers (advertiser_id, name, company_name, email, password, active_util, status, plan_name, price, photo_limit, balance, balance_charged_at, priority) values (51, 'Louis Banks', 'Photofeed', 'jin11@gmail.com', '7c222fb2927d828af22f592134e8932480637c0d', '2019-01-17T00:00:00Z', 'active', 'gold', 1, 3, 10000, '2015-01-17 00:00:00', 100);
insert into advert.advertisers (advertiser_id, name, company_name, email, password, active_util, status, plan_name, price, photo_limit, balance, balance_charged_at, priority) values (52, 'Anthony Kennedy', 'Innotype', 'jin12@gmail.com', '7c222fb2927d828af22f592134e8932480637c0d', '2019-01-17T00:00:00Z', 'active', 'gold', 1, 3, 10000, '2015-01-17 00:00:00', 100);
insert into advert.advertisers (advertiser_id, name, company_name, email, password, active_util, status, plan_name, price, photo_limit, balance, balance_charged_at, priority) values (53, 'Albert West', 'Camimbo', 'jin13@gmail.com', '7c222fb2927d828af22f592134e8932480637c0d', '2019-01-17T00:00:00Z', 'active', 'gold', 1, 3, 10000, '2015-01-17 00:00:00', 100);
insert into advert.advertisers (advertiser_id, name, company_name, email, password, active_util, status, plan_name, price, photo_limit, balance, balance_charged_at, priority) values (54, 'Patricia Hawkins', 'Myworks', 'jin14@gmail.com', '7c222fb2927d828af22f592134e8932480637c0d', '2019-01-17T00:00:00Z', 'active', 'gold', 1, 3, 10000, '2015-01-17 00:00:00', 100);
insert into advert.advertisers (advertiser_id, name, company_name, email, password, active_util, status, plan_name, price, photo_limit, balance, balance_charged_at, priority) values (55, 'Jose Diaz', 'Gigashots', 'jin15@gmail.com', '7c222fb2927d828af22f592134e8932480637c0d', '2019-01-17T00:00:00Z', 'active', 'bronze', 1, 3, 10000, '2015-01-17 00:00:00', 100);
insert into advert.advertisers (advertiser_id, name, company_name, email, password, active_util, status, plan_name, price, photo_limit, balance, balance_charged_at, priority) values (56, 'Louise Palmer', 'Jaloo', 'jin16@gmail.com', '7c222fb2927d828af22f592134e8932480637c0d', '2019-01-17T00:00:00Z', 'active', 'silver', 1, 3, 10000, '2015-01-17 00:00:00', 100);
insert into advert.advertisers (advertiser_id, name, company_name, email, password, active_util, status, plan_name, price, photo_limit, balance, balance_charged_at, priority) values (57, 'Barbara Peters', 'Rhyloo', 'jin17@gmail.com', '7c222fb2927d828af22f592134e8932480637c0d', '2019-01-17T00:00:00Z', 'active', 'silver', 1, 3, 10000, '2015-01-17 00:00:00', 100);
insert into advert.advertisers (advertiser_id, name, company_name, email, password, active_util, status, plan_name, price, photo_limit, balance, balance_charged_at, priority) values (58, 'Willie Garza', 'Quaxo', 'jin18@gmail.com', '7c222fb2927d828af22f592134e8932480637c0d', '2019-01-17T00:00:00Z', 'active', 'bronze', 1, 3, 10000, '2015-01-17 00:00:00', 100);
insert into advert.advertisers (advertiser_id, name, company_name, email, password, active_util, status, plan_name, price, photo_limit, balance, balance_charged_at, priority) values (59, 'Anna Gilbert', 'Oyoloo', 'jin19@gmail.com', '7c222fb2927d828af22f592134e8932480637c0d', '2019-01-17T00:00:00Z', 'active', 'gold', 1, 3, 10000, '2015-01-17 00:00:00', 100);
insert into advert.advertisers (advertiser_id, name, company_name, email, password, active_util, status, plan_name, price, photo_limit, balance, balance_charged_at, priority) values (60, 'Julia Little', 'Devpulse', 'jin20@gmail.com', '7c222fb2927d828af22f592134e8932480637c0d', '2019-01-17T00:00:00Z', 'active', 'gold', 1, 3, 10000, '2015-01-17 00:00:00', 100);

insert into advert.adverts (advertiser_id, business_name, contact_number, website, address, position, description) values (41, 'Jabbercube', '3-(964)810-9779', 'http://facebook.com/proin/eu.json', '816 Westerfield Center', 'SRID=4326;POINT(121.677604 38.905767)', 'Phasellus sit amet erat. Nulla tempus. Vivamus in felis eu sapien cursus vestibulum. Proin eu mi. Nulla ac enim. In tempor, turpis nec euismod scelerisque, quam turpis adipiscing lorem, vitae mattis nibh ligula nec sem. Duis aliquam convallis nunc. Proin at turpis a pede posuere nonummy. Integer non velit.');
insert into advert.adverts (advertiser_id, business_name, contact_number, website, address, position, description) values (42, 'Lazzy', '9-(221)649-1708', 'https://nbcnews.com/lectus.js', '98 Mayfield Circle', 'SRID=4326;POINT(121.682385 38.910548)', 'In hac habitasse platea dictumst. Maecenas ut massa quis augue luctus tincidunt. Nulla mollis molestie lorem. Quisque ut erat. Curabitur gravida nisi at nibh.');
insert into advert.adverts (advertiser_id, business_name, contact_number, website, address, position, description) values (43, 'Divavu', '2-(743)276-2888', 'https://cafepress.com/nibh/in/lectus/pellentesque/at/nulla.html', '3 Brentwood Center', 'SRID=4326;POINT(121.680836 38.908999)', 'Ut at dolor quis odio consequat varius. Integer ac leo. Pellentesque ultrices mattis odio. Donec vitae nisi. Nam ultrices, libero non mattis pulvinar, nulla pede ullamcorper augue, a suscipit nulla elit ac nulla. Sed vel enim sit amet nunc viverra dapibus.');
insert into advert.adverts (advertiser_id, business_name, contact_number, website, address, position, description) values (44, 'Eazzy', '8-(610)641-2133', 'https://nyu.edu/in/quis/justo.xml', '9164 Cambridge Avenue', 'SRID=4326;POINT(121.680815999999999999 38.908978999999999999)', 'In blandit ultrices enim. Lorem ipsum dolor sit amet, consectetuer adipiscing elit. Proin interdum mauris non ligula pellentesque ultrices. Phasellus id sapien in sapien iaculis congue. Vivamus metus arcu, adipiscing molestie, hendrerit at, vulputate vitae, nisl. Aenean lectus. Pellentesque eget nunc.');
insert into advert.adverts (advertiser_id, business_name, contact_number, website, address, position, description) values (45, 'Eimbee', '5-(808)207-2259', 'https://twitpic.com/nam.json', '24 Kipling Park', 'SRID=4326;POINT(121.684074999999999999 38.912237999999999999)', 'Curabitur in libero ut massa volutpat convallis. Morbi odio odio, elementum eu, interdum eu, tincidunt in, leo. Maecenas pulvinar lobortis est. Phasellus sit amet erat. Nulla tempus. Vivamus in felis eu sapien cursus vestibulum. Proin eu mi.');
insert into advert.adverts (advertiser_id, business_name, contact_number, website, address, position, description) values (46, 'Zoombox', '9-(753)855-0297', 'https://goo.ne.jp/dolor/vel/est/donec/odio/justo.jpg', '47 Cottonwood Drive', 'SRID=4326;POINT(121.677378 38.905541)', 'Donec odio justo, sollicitudin ut, suscipit a, feugiat et, eros.');
insert into advert.adverts (advertiser_id, business_name, contact_number, website, address, position, description) values (47, 'Kimia', '5-(691)647-3383', 'https://ibm.com/suscipit/a/feugiat/et/eros/vestibulum/ac.json', '7139 Sherman Lane', 'SRID=4326;POINT(121.679893 38.908056)', 'Morbi sem mauris, laoreet ut, rhoncus aliquet, pulvinar sed, nisl. Nunc rhoncus dui vel sem. Sed sagittis. Nam congue, risus semper porta volutpat, quam pede lobortis ligula, sit amet eleifend pede libero quis orci. Nullam molestie nibh in lectus. Pellentesque at nulla. Suspendisse potenti. Cras in purus eu magna vulputate luctus.');
insert into advert.adverts (advertiser_id, business_name, contact_number, website, address, position, description) values (48, 'Livepath', '0-(813)847-8444', 'http://twitter.com/eu/mi/nulla/ac/enim.aspx', '3108 Spohn Pass', 'SRID=4326;POINT(121.677418 38.905581)', 'Cum sociis natoque penatibus et magnis dis parturient montes, nascetur ridiculus mus. Vivamus vestibulum sagittis sapien. Cum sociis natoque penatibus et magnis dis parturient montes, nascetur ridiculus mus. Etiam vel augue. Vestibulum rutrum rutrum neque.');
insert into advert.adverts (advertiser_id, business_name, contact_number, website, address, position, description) values (49, 'Skalith', '6-(222)781-6240', 'https://netvibes.com/ultrices/mattis/odio/donec/vitae/nisi.jpg', '874 Toban Drive', 'SRID=4326;POINT(121.676642 38.904805)', 'Duis bibendum, felis sed interdum venenatis, turpis enim blandit mi, in porttitor pede justo eu massa. Donec dapibus. Duis at velit eu est congue elementum. In hac habitasse platea dictumst. Morbi vestibulum, velit id pretium iaculis, diam erat fermentum justo, nec condimentum neque sapien placerat ante.');
insert into advert.adverts (advertiser_id, business_name, contact_number, website, address, position, description) values (50, 'Buzzster', '1-(280)102-1606', 'http://rakuten.co.jp/sapien/iaculis.aspx', '3092 Grim Drive', 'SRID=4326;POINT(121.680432999999999999 38.908595999999999999)', 'Curabitur in libero ut massa volutpat convallis. Morbi odio odio, elementum eu, interdum eu, tincidunt in, leo. Maecenas pulvinar lobortis est. Phasellus sit amet erat. Nulla tempus. Vivamus in felis eu sapien cursus vestibulum.');
insert into advert.adverts (advertiser_id, business_name, contact_number, website, address, position, description) values (51, 'Jaloo', '1-(163)675-5424', 'http://usatoday.com/id/massa/id/nisl.js', '83258 Westport Crossing', 'SRID=4326;POINT(121.680678999999999999 38.908841999999999999)', 'Morbi a ipsum. Integer a nibh. In quis justo. Maecenas rhoncus aliquam lacus. Morbi quis tortor id nulla ultrices aliquet. Maecenas leo odio, condimentum id, luctus nec, molestie sed, justo. Pellentesque viverra pede ac diam. Cras pellentesque volutpat dui.');
insert into advert.adverts (advertiser_id, business_name, contact_number, website, address, position, description) values (52, 'Dabshots', '8-(355)336-8636', 'https://hao123.com/suscipit/a/feugiat/et.aspx', '04637 Old Shore Lane', 'SRID=4326;POINT(121.684808999999999999 38.912971999999999999)', 'Maecenas leo odio, condimentum id, luctus nec, molestie sed, justo. Pellentesque viverra pede ac diam. Cras pellentesque volutpat dui. Maecenas tristique, est et tempus semper, est quam pharetra magna, ac consequat metus sapien ut nunc. Vestibulum ante ipsum primis in faucibus orci luctus et ultrices posuere cubilia Curae; Mauris viverra diam vitae quam. Suspendisse potenti. Nullam porttitor lacus at turpis. Donec posuere metus vitae ipsum. Aliquam non mauris.');
insert into advert.adverts (advertiser_id, business_name, contact_number, website, address, position, description) values (53, 'Zoomdog', '4-(083)061-7309', 'http://state.gov/sit/amet/nunc.xml', '41 Randy Trail', 'SRID=4326;POINT(121.677112999999999999 38.905275999999999999)', 'Duis bibendum. Morbi non quam nec dui luctus rutrum. Nulla tellus. In sagittis dui vel nisl. Duis ac nibh. Fusce lacus purus, aliquet at, feugiat non, pretium quis, lectus. Suspendisse potenti. In eleifend quam a odio. In hac habitasse platea dictumst. Maecenas ut massa quis augue luctus tincidunt.');
insert into advert.adverts (advertiser_id, business_name, contact_number, website, address, position, description) values (54, 'Viva', '4-(332)139-8328', 'https://wordpress.com/pede/malesuada/in/imperdiet/et.xml', '27695 Green Hill', 'SRID=4326;POINT(121.682872 38.911035)', 'Integer aliquet, massa id lobortis convallis, tortor risus dapibus augue, vel accumsan tellus nisi eu orci.');
insert into advert.adverts (advertiser_id, business_name, contact_number, website, address, position, description) values (55, 'Janyx', '2-(799)968-1690', 'https://sohu.com/amet/cursus/id/turpis/integer.js', '1 Bunting Hill', 'SRID=4326;POINT(121.676369 38.904532)', 'Morbi ut odio. Cras mi pede, malesuada in, imperdiet et, commodo vulputate, justo. In blandit ultrices enim. Lorem ipsum dolor sit amet, consectetuer adipiscing elit. Proin interdum mauris non ligula pellentesque ultrices. Phasellus id sapien in sapien iaculis congue. Vivamus metus arcu, adipiscing molestie, hendrerit at, vulputate vitae, nisl. Aenean lectus. Pellentesque eget nunc. Donec quis orci eget orci vehicula condimentum.');
insert into advert.adverts (advertiser_id, business_name, contact_number, website, address, position, description) values (56, 'Realcube', '3-(549)164-7033', 'http://vk.com/placerat/praesent/blandit/nam/nulla/integer.jsp', '804 Harper Crossing', 'SRID=4326;POINT(121.679801 38.907964)', 'Donec odio justo, sollicitudin ut, suscipit a, feugiat et, eros. Vestibulum ac est lacinia nisi venenatis tristique. Fusce congue, diam id ornare imperdiet, sapien urna pretium nisl, ut volutpat sapien arcu sed augue. Aliquam erat volutpat. In congue. Etiam justo. Etiam pretium iaculis justo. In hac habitasse platea dictumst.');
insert into advert.adverts (advertiser_id, business_name, contact_number, website, address, position, description) values (57, 'Thoughtstorm', '0-(931)876-9051', 'http://imdb.com/felis.png', '369 Carberry Circle', 'SRID=4326;POINT(121.678654 38.906817)', 'Suspendisse accumsan tortor quis turpis. Sed ante. Vivamus tortor.');
insert into advert.adverts (advertiser_id, business_name, contact_number, website, address, position, description) values (58, 'Eire', '8-(072)044-2882', 'https://sbwire.com/etiam.html', '008 5th Way', 'SRID=4326;POINT(121.680855 38.909018)', 'Integer ac leo. Pellentesque ultrices mattis odio. Donec vitae nisi. Nam ultrices, libero non mattis pulvinar, nulla pede ullamcorper augue, a suscipit nulla elit ac nulla. Sed vel enim sit amet nunc viverra dapibus. Nulla suscipit ligula in lacus.');
insert into advert.adverts (advertiser_id, business_name, contact_number, website, address, position, description) values (59, 'Skiptube', '4-(123)078-4456', 'http://paginegialle.it/congue/eget/semper/rutrum.html', '688 Susan Alley', 'SRID=4326;POINT(121.676939 38.905102)', 'Aenean lectus. Pellentesque eget nunc. Donec quis orci eget orci vehicula condimentum.');
insert into advert.adverts (advertiser_id, business_name, contact_number, website, address, position, description) values (60, 'Pixope', '7-(919)741-5833', 'http://netvibes.com/elementum/ligula/vehicula/consequat/morbi/a.html', '0 Merchant Parkway', 'SRID=4326;POINT(121.681893 38.910056)', 'Donec semper sapien a libero. Nam dui. Proin leo odio, porttitor id, consequat in, consequat ut, nulla. Sed accumsan felis. Ut at dolor quis odio consequat varius. Integer ac leo. Pellentesque ultrices mattis odio. Donec vitae nisi.');
